DriverNumber,Abbreviation,TeamName,QualifyingPosition,RacePosition,FP1_BestLap,FP2_BestLap,FP3_BestLap,FP2_LongRunPace,AirTemp,TrackTemp,Humidity,WindSpeed,WindDirection,Circuit,Country,Round,Year
4,NOR,McLaren,1.0,1.0,77.252,76.439,75.921,,23.760493827160495,41.1320987654321,65.09876543209876,1.2271604938271603,121.1358024691358,Australian Grand Prix,Australia,1,2025
81,PIA,McLaren,2.0,9.0,77.252,76.439,75.921,,23.760493827160495,41.1320987654321,65.09876543209876,1.2271604938271603,121.1358024691358,Australian Grand Prix,Australia,1,2025
1,VER,Red Bull Racing,3.0,2.0,77.252,76.439,75.921,,23.760493827160495,41.1320987654321,65.09876543209876,1.2271604938271603,121.1358024691358,Australian Grand Prix,Australia,1,2025
63,RUS,Mercedes,4.0,3.0,77.252,76.439,75.921,,23.760493827160495,41.1320987654321,65.09876543209876,1.2271604938271603,121.1358024691358,Australian Grand Prix,Australia,1,2025
22,TSU,Racing Bulls,5.0,12.0,77.252,76.439,75.921,,23.760493827160495,41.1320987654321,65.09876543209876,1.2271604938271603,121.1358024691358,Australian Grand Prix,Australia,1,2025
23,ALB,Williams,6.0,5.0,77.252,76.439,75.921,,23.760493827160495,41.1320987654321,65.09876543209876,1.2271604938271603,121.1358024691358,Australian Grand Prix,Australia,1,2025
16,LEC,Ferrari,7.0,8.0,77.252,76.439,75.921,,23.760493827160495,41.1320987654321,65.09876543209876,1.2271604938271603,121.1358024691358,Australian Grand Prix,Australia,1,2025
44,HAM,Ferrari,8.0,10.0,77.252,76.439,75.921,,23.760493827160495,41.1320987654321,65.09876543209876,1.2271604938271603,121.1358024691358,Australian Grand Prix,Australia,1,2025
10,GAS,Alpine,9.0,11.0,77.252,76.439,75.921,,23.760493827160495,41.1320987654321,65.09876543209876,1.2271604938271603,121.1358024691358,Australian Grand Prix,Australia,1,2025
55,SAI,Williams,10.0,18.0,77.252,76.439,75.921,,23.760493827160495,41.1320987654321,65.09876543209876,1.2271604938271603,121.1358024691358,Australian Grand Prix,Australia,1,2025
6,HAD,Racing Bulls,11.0,20.0,77.252,76.439,75.921,,23.760493827160495,41.1320987654321,65.09876543209876,1.2271604938271603,121.1358024691358,Australian Grand Prix,Australia,1,2025
14,ALO,Aston Martin,12.0,17.0,77.252,76.439,75.921,,23.760493827160495,41.1320987654321,65.09876543209876,1.2271604938271603,121.1358024691358,Australian Grand Prix,Australia,1,2025
18,STR,Aston Martin,13.0,6.0,77.252,76.439,75.921,,23.760493827160495,41.1320987654321,65.09876543209876,1.2271604938271603,121.1358024691358,Australian Grand Prix,Australia,1,2025
7,DOO,Alpine,14.0,19.0,77.252,76.439,75.921,,23.760493827160495,41.1320987654321,65.09876543209876,1.2271604938271603,121.1358024691358,Australian Grand Prix,Australia,1,2025
5,BOR,Kick Sauber,15.0,16.0,77.252,76.439,75.921,,23.760493827160495,41.1320987654321,65.09876543209876,1.2271604938271603,121.1358024691358,Australian Grand Prix,Australia,1,2025
12,ANT,Mercedes,16.0,4.0,77.252,76.439,75.921,,23.760493827160495,41.1320987654321,65.09876543209876,1.2271604938271603,121.1358024691358,Australian Grand Prix,Australia,1,2025
27,HUL,Kick Sauber,17.0,7.0,77.252,76.439,75.921,,23.760493827160495,41.1320987654321,65.09876543209876,1.2271604938271603,121.1358024691358,Australian Grand Prix,Australia,1,2025
30,LAW,Red Bull Racing,18.0,15.0,77.252,76.439,75.921,,23.760493827160495,41.1320987654321,65.09876543209876,1.2271604938271603,121.1358024691358,Australian Grand Prix,Australia,1,2025
31,OCO,Haas F1 Team,19.0,13.0,77.252,76.439,75.921,,23.760493827160495,41.1320987654321,65.09876543209876,1.2271604938271603,121.1358024691358,Australian Grand Prix,Australia,1,2025
87,BEA,Haas F1 Team,20.0,14.0,77.252,76.439,75.921,,23.760493827160495,41.1320987654321,65.09876543209876,1.2271604938271603,121.1358024691358,Australian Grand Prix,Australia,1,2025
81,PIA,McLaren,1.0,1.0,91.504,,,,22.764634146341464,36.15243902439025,19.76829268292683,2.7512195121951217,227.6951219512195,Chinese Grand Prix,China,2,2025
63,RUS,Mercedes,2.0,3.0,91.504,,,,22.764634146341464,36.15243902439025,19.76829268292683,2.7512195121951217,227.6951219512195,Chinese Grand Prix,China,2,2025
4,NOR,McLaren,3.0,2.0,91.504,,,,22.764634146341464,36.15243902439025,19.76829268292683,2.7512195121951217,227.6951219512195,Chinese Grand Prix,China,2,2025
1,VER,Red Bull Racing,4.0,4.0,91.504,,,,22.764634146341464,36.15243902439025,19.76829268292683,2.7512195121951217,227.6951219512195,Chinese Grand Prix,China,2,2025
44,HAM,Ferrari,5.0,19.0,91.504,,,,22.764634146341464,36.15243902439025,19.76829268292683,2.7512195121951217,227.6951219512195,Chinese Grand Prix,China,2,2025
16,LEC,Ferrari,6.0,18.0,91.504,,,,22.764634146341464,36.15243902439025,19.76829268292683,2.7512195121951217,227.6951219512195,Chinese Grand Prix,China,2,2025
6,HAD,Racing Bulls,7.0,11.0,91.504,,,,22.764634146341464,36.15243902439025,19.76829268292683,2.7512195121951217,227.6951219512195,Chinese Grand Prix,China,2,2025
12,ANT,Mercedes,8.0,6.0,91.504,,,,22.764634146341464,36.15243902439025,19.76829268292683,2.7512195121951217,227.6951219512195,Chinese Grand Prix,China,2,2025
22,TSU,Racing Bulls,9.0,16.0,91.504,,,,22.764634146341464,36.15243902439025,19.76829268292683,2.7512195121951217,227.6951219512195,Chinese Grand Prix,China,2,2025
23,ALB,Williams,10.0,7.0,91.504,,,,22.764634146341464,36.15243902439025,19.76829268292683,2.7512195121951217,227.6951219512195,Chinese Grand Prix,China,2,2025
31,OCO,Haas F1 Team,11.0,5.0,91.504,,,,22.764634146341464,36.15243902439025,19.76829268292683,2.7512195121951217,227.6951219512195,Chinese Grand Prix,China,2,2025
27,HUL,Kick Sauber,12.0,15.0,91.504,,,,22.764634146341464,36.15243902439025,19.76829268292683,2.7512195121951217,227.6951219512195,Chinese Grand Prix,China,2,2025
14,ALO,Aston Martin,13.0,17.0,91.504,,,,22.764634146341464,36.15243902439025,19.76829268292683,2.7512195121951217,227.6951219512195,Chinese Grand Prix,China,2,2025
18,STR,Aston Martin,14.0,9.0,91.504,,,,22.764634146341464,36.15243902439025,19.76829268292683,2.7512195121951217,227.6951219512195,Chinese Grand Prix,China,2,2025
55,SAI,Williams,15.0,10.0,91.504,,,,22.764634146341464,36.15243902439025,19.76829268292683,2.7512195121951217,227.6951219512195,Chinese Grand Prix,China,2,2025
10,GAS,Alpine,16.0,20.0,91.504,,,,22.764634146341464,36.15243902439025,19.76829268292683,2.7512195121951217,227.6951219512195,Chinese Grand Prix,China,2,2025
87,BEA,Haas F1 Team,17.0,8.0,91.504,,,,22.764634146341464,36.15243902439025,19.76829268292683,2.7512195121951217,227.6951219512195,Chinese Grand Prix,China,2,2025
7,DOO,Alpine,18.0,13.0,91.504,,,,22.764634146341464,36.15243902439025,19.76829268292683,2.7512195121951217,227.6951219512195,Chinese Grand Prix,China,2,2025
5,BOR,Kick Sauber,19.0,14.0,91.504,,,,22.764634146341464,36.15243902439025,19.76829268292683,2.7512195121951217,227.6951219512195,Chinese Grand Prix,China,2,2025
30,LAW,Red Bull Racing,20.0,12.0,91.504,,,,22.764634146341464,36.15243902439025,19.76829268292683,2.7512195121951217,227.6951219512195,Chinese Grand Prix,China,2,2025
1,VER,Red Bull Racing,1.0,1.0,88.549,88.114,87.965,,13.586666666666666,32.65733333333333,42.13333333333333,5.221333333333335,285.74666666666667,Japanese Grand Prix,Japan,3,2025
4,NOR,McLaren,2.0,2.0,88.549,88.114,87.965,,13.586666666666666,32.65733333333333,42.13333333333333,5.221333333333335,285.74666666666667,Japanese Grand Prix,Japan,3,2025
81,PIA,McLaren,3.0,3.0,88.549,88.114,87.965,,13.586666666666666,32.65733333333333,42.13333333333333,5.221333333333335,285.74666666666667,Japanese Grand Prix,Japan,3,2025
16,LEC,Ferrari,4.0,4.0,88.549,88.114,87.965,,13.586666666666666,32.65733333333333,42.13333333333333,5.221333333333335,285.74666666666667,Japanese Grand Prix,Japan,3,2025
63,RUS,Mercedes,5.0,5.0,88.549,88.114,87.965,,13.586666666666666,32.65733333333333,42.13333333333333,5.221333333333335,285.74666666666667,Japanese Grand Prix,Japan,3,2025
12,ANT,Mercedes,6.0,6.0,88.549,88.114,87.965,,13.586666666666666,32.65733333333333,42.13333333333333,5.221333333333335,285.74666666666667,Japanese Grand Prix,Japan,3,2025
6,HAD,Racing Bulls,7.0,8.0,88.549,88.114,87.965,,13.586666666666666,32.65733333333333,42.13333333333333,5.221333333333335,285.74666666666667,Japanese Grand Prix,Japan,3,2025
44,HAM,Ferrari,8.0,7.0,88.549,88.114,87.965,,13.586666666666666,32.65733333333333,42.13333333333333,5.221333333333335,285.74666666666667,Japanese Grand Prix,Japan,3,2025
23,ALB,Williams,9.0,9.0,88.549,88.114,87.965,,13.586666666666666,32.65733333333333,42.13333333333333,5.221333333333335,285.74666666666667,Japanese Grand Prix,Japan,3,2025
87,BEA,Haas F1 Team,10.0,10.0,88.549,88.114,87.965,,13.586666666666666,32.65733333333333,42.13333333333333,5.221333333333335,285.74666666666667,Japanese Grand Prix,Japan,3,2025
10,GAS,Alpine,11.0,13.0,88.549,88.114,87.965,,13.586666666666666,32.65733333333333,42.13333333333333,5.221333333333335,285.74666666666667,Japanese Grand Prix,Japan,3,2025
55,SAI,Williams,12.0,14.0,88.549,88.114,87.965,,13.586666666666666,32.65733333333333,42.13333333333333,5.221333333333335,285.74666666666667,Japanese Grand Prix,Japan,3,2025
14,ALO,Aston Martin,13.0,11.0,88.549,88.114,87.965,,13.586666666666666,32.65733333333333,42.13333333333333,5.221333333333335,285.74666666666667,Japanese Grand Prix,Japan,3,2025
30,LAW,Racing Bulls,14.0,17.0,88.549,88.114,87.965,,13.586666666666666,32.65733333333333,42.13333333333333,5.221333333333335,285.74666666666667,Japanese Grand Prix,Japan,3,2025
22,TSU,Red Bull Racing,15.0,12.0,88.549,88.114,87.965,,13.586666666666666,32.65733333333333,42.13333333333333,5.221333333333335,285.74666666666667,Japanese Grand Prix,Japan,3,2025
27,HUL,Kick Sauber,16.0,16.0,88.549,88.114,87.965,,13.586666666666666,32.65733333333333,42.13333333333333,5.221333333333335,285.74666666666667,Japanese Grand Prix,Japan,3,2025
5,BOR,Kick Sauber,17.0,19.0,88.549,88.114,87.965,,13.586666666666666,32.65733333333333,42.13333333333333,5.221333333333335,285.74666666666667,Japanese Grand Prix,Japan,3,2025
31,OCO,Haas F1 Team,18.0,18.0,88.549,88.114,87.965,,13.586666666666666,32.65733333333333,42.13333333333333,5.221333333333335,285.74666666666667,Japanese Grand Prix,Japan,3,2025
7,DOO,Alpine,19.0,15.0,88.549,88.114,87.965,,13.586666666666666,32.65733333333333,42.13333333333333,5.221333333333335,285.74666666666667,Japanese Grand Prix,Japan,3,2025
18,STR,Aston Martin,20.0,20.0,88.549,88.114,87.965,,13.586666666666666,32.65733333333333,42.13333333333333,5.221333333333335,285.74666666666667,Japanese Grand Prix,Japan,3,2025
81,PIA,McLaren,1.0,1.0,93.204,90.505,91.646,,29.839240506329105,34.80759493670886,47.40506329113924,1.1063291139240505,54.21518987341772,Bahrain Grand Prix,Bahrain,4,2025
63,RUS,Mercedes,2.0,2.0,93.204,90.505,91.646,,29.839240506329105,34.80759493670886,47.40506329113924,1.1063291139240505,54.21518987341772,Bahrain Grand Prix,Bahrain,4,2025
16,LEC,Ferrari,3.0,4.0,93.204,90.505,91.646,,29.839240506329105,34.80759493670886,47.40506329113924,1.1063291139240505,54.21518987341772,Bahrain Grand Prix,Bahrain,4,2025
12,ANT,Mercedes,4.0,11.0,93.204,90.505,91.646,,29.839240506329105,34.80759493670886,47.40506329113924,1.1063291139240505,54.21518987341772,Bahrain Grand Prix,Bahrain,4,2025
10,GAS,Alpine,5.0,7.0,93.204,90.505,91.646,,29.839240506329105,34.80759493670886,47.40506329113924,1.1063291139240505,54.21518987341772,Bahrain Grand Prix,Bahrain,4,2025
4,NOR,McLaren,6.0,3.0,93.204,90.505,91.646,,29.839240506329105,34.80759493670886,47.40506329113924,1.1063291139240505,54.21518987341772,Bahrain Grand Prix,Bahrain,4,2025
1,VER,Red Bull Racing,7.0,6.0,93.204,90.505,91.646,,29.839240506329105,34.80759493670886,47.40506329113924,1.1063291139240505,54.21518987341772,Bahrain Grand Prix,Bahrain,4,2025
55,SAI,Williams,8.0,19.0,93.204,90.505,91.646,,29.839240506329105,34.80759493670886,47.40506329113924,1.1063291139240505,54.21518987341772,Bahrain Grand Prix,Bahrain,4,2025
44,HAM,Ferrari,9.0,5.0,93.204,90.505,91.646,,29.839240506329105,34.80759493670886,47.40506329113924,1.1063291139240505,54.21518987341772,Bahrain Grand Prix,Bahrain,4,2025
22,TSU,Red Bull Racing,10.0,9.0,93.204,90.505,91.646,,29.839240506329105,34.80759493670886,47.40506329113924,1.1063291139240505,54.21518987341772,Bahrain Grand Prix,Bahrain,4,2025
7,DOO,Alpine,11.0,14.0,93.204,90.505,91.646,,29.839240506329105,34.80759493670886,47.40506329113924,1.1063291139240505,54.21518987341772,Bahrain Grand Prix,Bahrain,4,2025
6,HAD,Racing Bulls,12.0,13.0,93.204,90.505,91.646,,29.839240506329105,34.80759493670886,47.40506329113924,1.1063291139240505,54.21518987341772,Bahrain Grand Prix,Bahrain,4,2025
14,ALO,Aston Martin,13.0,15.0,93.204,90.505,91.646,,29.839240506329105,34.80759493670886,47.40506329113924,1.1063291139240505,54.21518987341772,Bahrain Grand Prix,Bahrain,4,2025
31,OCO,Haas F1 Team,14.0,8.0,93.204,90.505,91.646,,29.839240506329105,34.80759493670886,47.40506329113924,1.1063291139240505,54.21518987341772,Bahrain Grand Prix,Bahrain,4,2025
23,ALB,Williams,15.0,12.0,93.204,90.505,91.646,,29.839240506329105,34.80759493670886,47.40506329113924,1.1063291139240505,54.21518987341772,Bahrain Grand Prix,Bahrain,4,2025
27,HUL,Kick Sauber,16.0,20.0,93.204,90.505,91.646,,29.839240506329105,34.80759493670886,47.40506329113924,1.1063291139240505,54.21518987341772,Bahrain Grand Prix,Bahrain,4,2025
30,LAW,Racing Bulls,17.0,16.0,93.204,90.505,91.646,,29.839240506329105,34.80759493670886,47.40506329113924,1.1063291139240505,54.21518987341772,Bahrain Grand Prix,Bahrain,4,2025
5,BOR,Kick Sauber,18.0,18.0,93.204,90.505,91.646,,29.839240506329105,34.80759493670886,47.40506329113924,1.1063291139240505,54.21518987341772,Bahrain Grand Prix,Bahrain,4,2025
18,STR,Aston Martin,19.0,17.0,93.204,90.505,91.646,,29.839240506329105,34.80759493670886,47.40506329113924,1.1063291139240505,54.21518987341772,Bahrain Grand Prix,Bahrain,4,2025
87,BEA,Haas F1 Team,20.0,10.0,93.204,90.505,91.646,,29.839240506329105,34.80759493670886,47.40506329113924,1.1063291139240505,54.21518987341772,Bahrain Grand Prix,Bahrain,4,2025
1,VER,Red Bull Racing,1.0,2.0,89.239,88.267,87.489,,29.717283950617283,37.00987654320988,46.666666666666664,0.8962962962962964,145.4814814814815,Saudi Arabian Grand Prix,Saudi Arabia,5,2025
81,PIA,McLaren,2.0,1.0,89.239,88.267,87.489,,29.717283950617283,37.00987654320988,46.666666666666664,0.8962962962962964,145.4814814814815,Saudi Arabian Grand Prix,Saudi Arabia,5,2025
63,RUS,Mercedes,3.0,5.0,89.239,88.267,87.489,,29.717283950617283,37.00987654320988,46.666666666666664,0.8962962962962964,145.4814814814815,Saudi Arabian Grand Prix,Saudi Arabia,5,2025
16,LEC,Ferrari,4.0,3.0,89.239,88.267,87.489,,29.717283950617283,37.00987654320988,46.666666666666664,0.8962962962962964,145.4814814814815,Saudi Arabian Grand Prix,Saudi Arabia,5,2025
12,ANT,Mercedes,5.0,6.0,89.239,88.267,87.489,,29.717283950617283,37.00987654320988,46.666666666666664,0.8962962962962964,145.4814814814815,Saudi Arabian Grand Prix,Saudi Arabia,5,2025
55,SAI,Williams,6.0,8.0,89.239,88.267,87.489,,29.717283950617283,37.00987654320988,46.666666666666664,0.8962962962962964,145.4814814814815,Saudi Arabian Grand Prix,Saudi Arabia,5,2025
44,HAM,Ferrari,7.0,7.0,89.239,88.267,87.489,,29.717283950617283,37.00987654320988,46.666666666666664,0.8962962962962964,145.4814814814815,Saudi Arabian Grand Prix,Saudi Arabia,5,2025
22,TSU,Red Bull Racing,8.0,19.0,89.239,88.267,87.489,,29.717283950617283,37.00987654320988,46.666666666666664,0.8962962962962964,145.4814814814815,Saudi Arabian Grand Prix,Saudi Arabia,5,2025
10,GAS,Alpine,9.0,20.0,89.239,88.267,87.489,,29.717283950617283,37.00987654320988,46.666666666666664,0.8962962962962964,145.4814814814815,Saudi Arabian Grand Prix,Saudi Arabia,5,2025
4,NOR,McLaren,10.0,4.0,89.239,88.267,87.489,,29.717283950617283,37.00987654320988,46.666666666666664,0.8962962962962964,145.4814814814815,Saudi Arabian Grand Prix,Saudi Arabia,5,2025
23,ALB,Williams,11.0,9.0,89.239,88.267,87.489,,29.717283950617283,37.00987654320988,46.666666666666664,0.8962962962962964,145.4814814814815,Saudi Arabian Grand Prix,Saudi Arabia,5,2025
30,LAW,Racing Bulls,12.0,12.0,89.239,88.267,87.489,,29.717283950617283,37.00987654320988,46.666666666666664,0.8962962962962964,145.4814814814815,Saudi Arabian Grand Prix,Saudi Arabia,5,2025
14,ALO,Aston Martin,13.0,11.0,89.239,88.267,87.489,,29.717283950617283,37.00987654320988,46.666666666666664,0.8962962962962964,145.4814814814815,Saudi Arabian Grand Prix,Saudi Arabia,5,2025
6,HAD,Racing Bulls,14.0,10.0,89.239,88.267,87.489,,29.717283950617283,37.00987654320988,46.666666666666664,0.8962962962962964,145.4814814814815,Saudi Arabian Grand Prix,Saudi Arabia,5,2025
87,BEA,Haas F1 Team,15.0,13.0,89.239,88.267,87.489,,29.717283950617283,37.00987654320988,46.666666666666664,0.8962962962962964,145.4814814814815,Saudi Arabian Grand Prix,Saudi Arabia,5,2025
18,STR,Aston Martin,16.0,16.0,89.239,88.267,87.489,,29.717283950617283,37.00987654320988,46.666666666666664,0.8962962962962964,145.4814814814815,Saudi Arabian Grand Prix,Saudi Arabia,5,2025
7,DOO,Alpine,17.0,17.0,89.239,88.267,87.489,,29.717283950617283,37.00987654320988,46.666666666666664,0.8962962962962964,145.4814814814815,Saudi Arabian Grand Prix,Saudi Arabia,5,2025
27,HUL,Kick Sauber,18.0,15.0,89.239,88.267,87.489,,29.717283950617283,37.00987654320988,46.666666666666664,0.8962962962962964,145.4814814814815,Saudi Arabian Grand Prix,Saudi Arabia,5,2025
31,OCO,Haas F1 Team,19.0,14.0,89.239,88.267,87.489,,29.717283950617283,37.00987654320988,46.666666666666664,0.8962962962962964,145.4814814814815,Saudi Arabian Grand Prix,Saudi Arabia,5,2025
5,BOR,Kick Sauber,20.0,18.0,89.239,88.267,87.489,,29.717283950617283,37.00987654320988,46.666666666666664,0.8962962962962964,145.4814814814815,Saudi Arabian Grand Prix,Saudi Arabia,5,2025
1,VER,Red Bull Racing,1.0,4.0,87.128,,,,27.873076923076926,41.64358974358975,50.217948717948715,1.8525641025641026,143.83333333333334,Miami Grand Prix,United States,6,2025
4,NOR,McLaren,2.0,2.0,87.128,,,,27.873076923076926,41.64358974358975,50.217948717948715,1.8525641025641026,143.83333333333334,Miami Grand Prix,United States,6,2025
12,ANT,Mercedes,3.0,6.0,87.128,,,,27.873076923076926,41.64358974358975,50.217948717948715,1.8525641025641026,143.83333333333334,Miami Grand Prix,United States,6,2025
81,PIA,McLaren,4.0,1.0,87.128,,,,27.873076923076926,41.64358974358975,50.217948717948715,1.8525641025641026,143.83333333333334,Miami Grand Prix,United States,6,2025
63,RUS,Mercedes,5.0,3.0,87.128,,,,27.873076923076926,41.64358974358975,50.217948717948715,1.8525641025641026,143.83333333333334,Miami Grand Prix,United States,6,2025
55,SAI,Williams,6.0,9.0,87.128,,,,27.873076923076926,41.64358974358975,50.217948717948715,1.8525641025641026,143.83333333333334,Miami Grand Prix,United States,6,2025
23,ALB,Williams,7.0,5.0,87.128,,,,27.873076923076926,41.64358974358975,50.217948717948715,1.8525641025641026,143.83333333333334,Miami Grand Prix,United States,6,2025
16,LEC,Ferrari,8.0,7.0,87.128,,,,27.873076923076926,41.64358974358975,50.217948717948715,1.8525641025641026,143.83333333333334,Miami Grand Prix,United States,6,2025
31,OCO,Haas F1 Team,9.0,12.0,87.128,,,,27.873076923076926,41.64358974358975,50.217948717948715,1.8525641025641026,143.83333333333334,Miami Grand Prix,United States,6,2025
22,TSU,Red Bull Racing,10.0,10.0,87.128,,,,27.873076923076926,41.64358974358975,50.217948717948715,1.8525641025641026,143.83333333333334,Miami Grand Prix,United States,6,2025
6,HAD,Racing Bulls,11.0,11.0,87.128,,,,27.873076923076926,41.64358974358975,50.217948717948715,1.8525641025641026,143.83333333333334,Miami Grand Prix,United States,6,2025
44,HAM,Ferrari,12.0,8.0,87.128,,,,27.873076923076926,41.64358974358975,50.217948717948715,1.8525641025641026,143.83333333333334,Miami Grand Prix,United States,6,2025
5,BOR,Kick Sauber,13.0,18.0,87.128,,,,27.873076923076926,41.64358974358975,50.217948717948715,1.8525641025641026,143.83333333333334,Miami Grand Prix,United States,6,2025
7,DOO,Alpine,14.0,20.0,87.128,,,,27.873076923076926,41.64358974358975,50.217948717948715,1.8525641025641026,143.83333333333334,Miami Grand Prix,United States,6,2025
30,LAW,Racing Bulls,15.0,17.0,87.128,,,,27.873076923076926,41.64358974358975,50.217948717948715,1.8525641025641026,143.83333333333334,Miami Grand Prix,United States,6,2025
27,HUL,Kick Sauber,16.0,14.0,87.128,,,,27.873076923076926,41.64358974358975,50.217948717948715,1.8525641025641026,143.83333333333334,Miami Grand Prix,United States,6,2025
14,ALO,Aston Martin,17.0,15.0,87.128,,,,27.873076923076926,41.64358974358975,50.217948717948715,1.8525641025641026,143.83333333333334,Miami Grand Prix,United States,6,2025
10,GAS,Alpine,18.0,13.0,87.128,,,,27.873076923076926,41.64358974358975,50.217948717948715,1.8525641025641026,143.83333333333334,Miami Grand Prix,United States,6,2025
18,STR,Aston Martin,19.0,16.0,87.128,,,,27.873076923076926,41.64358974358975,50.217948717948715,1.8525641025641026,143.83333333333334,Miami Grand Prix,United States,6,2025
87,BEA,Haas F1 Team,20.0,19.0,87.128,,,,27.873076923076926,41.64358974358975,50.217948717948715,1.8525641025641026,143.83333333333334,Miami Grand Prix,United States,6,2025
81,PIA,McLaren,1.0,3.0,76.545,75.293,74.897,,19.67654320987654,34.91234567901235,31.555555555555557,2.328395061728395,128.01234567901236,Emilia Romagna Grand Prix,Italy,7,2025
1,VER,Red Bull Racing,2.0,1.0,76.545,75.293,74.897,,19.67654320987654,34.91234567901235,31.555555555555557,2.328395061728395,128.01234567901236,Emilia Romagna Grand Prix,Italy,7,2025
63,RUS,Mercedes,3.0,7.0,76.545,75.293,74.897,,19.67654320987654,34.91234567901235,31.555555555555557,2.328395061728395,128.01234567901236,Emilia Romagna Grand Prix,Italy,7,2025
4,NOR,McLaren,4.0,2.0,76.545,75.293,74.897,,19.67654320987654,34.91234567901235,31.555555555555557,2.328395061728395,128.01234567901236,Emilia Romagna Grand Prix,Italy,7,2025
14,ALO,Aston Martin,5.0,11.0,76.545,75.293,74.897,,19.67654320987654,34.91234567901235,31.555555555555557,2.328395061728395,128.01234567901236,Emilia Romagna Grand Prix,Italy,7,2025
55,SAI,Williams,6.0,8.0,76.545,75.293,74.897,,19.67654320987654,34.91234567901235,31.555555555555557,2.328395061728395,128.01234567901236,Emilia Romagna Grand Prix,Italy,7,2025
23,ALB,Williams,7.0,5.0,76.545,75.293,74.897,,19.67654320987654,34.91234567901235,31.555555555555557,2.328395061728395,128.01234567901236,Emilia Romagna Grand Prix,Italy,7,2025
18,STR,Aston Martin,8.0,15.0,76.545,75.293,74.897,,19.67654320987654,34.91234567901235,31.555555555555557,2.328395061728395,128.01234567901236,Emilia Romagna Grand Prix,Italy,7,2025
6,HAD,Racing Bulls,9.0,9.0,76.545,75.293,74.897,,19.67654320987654,34.91234567901235,31.555555555555557,2.328395061728395,128.01234567901236,Emilia Romagna Grand Prix,Italy,7,2025
10,GAS,Alpine,10.0,13.0,76.545,75.293,74.897,,19.67654320987654,34.91234567901235,31.555555555555557,2.328395061728395,128.01234567901236,Emilia Romagna Grand Prix,Italy,7,2025
16,LEC,Ferrari,11.0,6.0,76.545,75.293,74.897,,19.67654320987654,34.91234567901235,31.555555555555557,2.328395061728395,128.01234567901236,Emilia Romagna Grand Prix,Italy,7,2025
44,HAM,Ferrari,12.0,4.0,76.545,75.293,74.897,,19.67654320987654,34.91234567901235,31.555555555555557,2.328395061728395,128.01234567901236,Emilia Romagna Grand Prix,Italy,7,2025
12,ANT,Mercedes,13.0,19.0,76.545,75.293,74.897,,19.67654320987654,34.91234567901235,31.555555555555557,2.328395061728395,128.01234567901236,Emilia Romagna Grand Prix,Italy,7,2025
5,BOR,Kick Sauber,14.0,18.0,76.545,75.293,74.897,,19.67654320987654,34.91234567901235,31.555555555555557,2.328395061728395,128.01234567901236,Emilia Romagna Grand Prix,Italy,7,2025
43,COL,Alpine,15.0,16.0,76.545,75.293,74.897,,19.67654320987654,34.91234567901235,31.555555555555557,2.328395061728395,128.01234567901236,Emilia Romagna Grand Prix,Italy,7,2025
30,LAW,Racing Bulls,16.0,14.0,76.545,75.293,74.897,,19.67654320987654,34.91234567901235,31.555555555555557,2.328395061728395,128.01234567901236,Emilia Romagna Grand Prix,Italy,7,2025
27,HUL,Kick Sauber,17.0,12.0,76.545,75.293,74.897,,19.67654320987654,34.91234567901235,31.555555555555557,2.328395061728395,128.01234567901236,Emilia Romagna Grand Prix,Italy,7,2025
31,OCO,Haas F1 Team,18.0,20.0,76.545,75.293,74.897,,19.67654320987654,34.91234567901235,31.555555555555557,2.328395061728395,128.01234567901236,Emilia Romagna Grand Prix,Italy,7,2025
87,BEA,Haas F1 Team,19.0,17.0,76.545,75.293,74.897,,19.67654320987654,34.91234567901235,31.555555555555557,2.328395061728395,128.01234567901236,Emilia Romagna Grand Prix,Italy,7,2025
22,TSU,Red Bull Racing,20.0,10.0,76.545,75.293,74.897,,19.67654320987654,34.91234567901235,31.555555555555557,2.328395061728395,128.01234567901236,Emilia Romagna Grand Prix,Italy,7,2025
4,NOR,McLaren,1.0,1.0,71.964,71.355,70.953,,22.889999999999997,38.18875,38.1625,0.9800000000000001,192.9,Monaco Grand Prix,Monaco,8,2025
16,LEC,Ferrari,2.0,2.0,71.964,71.355,70.953,,22.889999999999997,38.18875,38.1625,0.9800000000000001,192.9,Monaco Grand Prix,Monaco,8,2025
81,PIA,McLaren,3.0,3.0,71.964,71.355,70.953,,22.889999999999997,38.18875,38.1625,0.9800000000000001,192.9,Monaco Grand Prix,Monaco,8,2025
44,HAM,Ferrari,4.0,5.0,71.964,71.355,70.953,,22.889999999999997,38.18875,38.1625,0.9800000000000001,192.9,Monaco Grand Prix,Monaco,8,2025
1,VER,Red Bull Racing,5.0,4.0,71.964,71.355,70.953,,22.889999999999997,38.18875,38.1625,0.9800000000000001,192.9,Monaco Grand Prix,Monaco,8,2025
6,HAD,Racing Bulls,6.0,6.0,71.964,71.355,70.953,,22.889999999999997,38.18875,38.1625,0.9800000000000001,192.9,Monaco Grand Prix,Monaco,8,2025
14,ALO,Aston Martin,7.0,19.0,71.964,71.355,70.953,,22.889999999999997,38.18875,38.1625,0.9800000000000001,192.9,Monaco Grand Prix,Monaco,8,2025
31,OCO,Haas F1 Team,8.0,7.0,71.964,71.355,70.953,,22.889999999999997,38.18875,38.1625,0.9800000000000001,192.9,Monaco Grand Prix,Monaco,8,2025
30,LAW,Racing Bulls,9.0,8.0,71.964,71.355,70.953,,22.889999999999997,38.18875,38.1625,0.9800000000000001,192.9,Monaco Grand Prix,Monaco,8,2025
23,ALB,Williams,10.0,9.0,71.964,71.355,70.953,,22.889999999999997,38.18875,38.1625,0.9800000000000001,192.9,Monaco Grand Prix,Monaco,8,2025
55,SAI,Williams,11.0,10.0,71.964,71.355,70.953,,22.889999999999997,38.18875,38.1625,0.9800000000000001,192.9,Monaco Grand Prix,Monaco,8,2025
22,TSU,Red Bull Racing,12.0,17.0,71.964,71.355,70.953,,22.889999999999997,38.18875,38.1625,0.9800000000000001,192.9,Monaco Grand Prix,Monaco,8,2025
27,HUL,Kick Sauber,13.0,16.0,71.964,71.355,70.953,,22.889999999999997,38.18875,38.1625,0.9800000000000001,192.9,Monaco Grand Prix,Monaco,8,2025
63,RUS,Mercedes,14.0,11.0,71.964,71.355,70.953,,22.889999999999997,38.18875,38.1625,0.9800000000000001,192.9,Monaco Grand Prix,Monaco,8,2025
12,ANT,Mercedes,15.0,18.0,71.964,71.355,70.953,,22.889999999999997,38.18875,38.1625,0.9800000000000001,192.9,Monaco Grand Prix,Monaco,8,2025
5,BOR,Kick Sauber,16.0,14.0,71.964,71.355,70.953,,22.889999999999997,38.18875,38.1625,0.9800000000000001,192.9,Monaco Grand Prix,Monaco,8,2025
87,BEA,Haas F1 Team,17.0,12.0,71.964,71.355,70.953,,22.889999999999997,38.18875,38.1625,0.9800000000000001,192.9,Monaco Grand Prix,Monaco,8,2025
10,GAS,Alpine,18.0,20.0,71.964,71.355,70.953,,22.889999999999997,38.18875,38.1625,0.9800000000000001,192.9,Monaco Grand Prix,Monaco,8,2025
18,STR,Aston Martin,19.0,15.0,71.964,71.355,70.953,,22.889999999999997,38.18875,38.1625,0.9800000000000001,192.9,Monaco Grand Prix,Monaco,8,2025
43,COL,Alpine,20.0,13.0,71.964,71.355,70.953,,22.889999999999997,38.18875,38.1625,0.9800000000000001,192.9,Monaco Grand Prix,Monaco,8,2025
81,PIA,McLaren,1.0,1.0,73.718,72.76,72.387,,30.128048780487806,45.76951219512195,34.74390243902439,1.49390243902439,158.29268292682926,Spanish Grand Prix,Spain,9,2025
4,NOR,McLaren,2.0,2.0,73.718,72.76,72.387,,30.128048780487806,45.76951219512195,34.74390243902439,1.49390243902439,158.29268292682926,Spanish Grand Prix,Spain,9,2025
1,VER,Red Bull Racing,3.0,10.0,73.718,72.76,72.387,,30.128048780487806,45.76951219512195,34.74390243902439,1.49390243902439,158.29268292682926,Spanish Grand Prix,Spain,9,2025
63,RUS,Mercedes,4.0,4.0,73.718,72.76,72.387,,30.128048780487806,45.76951219512195,34.74390243902439,1.49390243902439,158.29268292682926,Spanish Grand Prix,Spain,9,2025
44,HAM,Ferrari,5.0,6.0,73.718,72.76,72.387,,30.128048780487806,45.76951219512195,34.74390243902439,1.49390243902439,158.29268292682926,Spanish Grand Prix,Spain,9,2025
12,ANT,Mercedes,6.0,18.0,73.718,72.76,72.387,,30.128048780487806,45.76951219512195,34.74390243902439,1.49390243902439,158.29268292682926,Spanish Grand Prix,Spain,9,2025
16,LEC,Ferrari,7.0,3.0,73.718,72.76,72.387,,30.128048780487806,45.76951219512195,34.74390243902439,1.49390243902439,158.29268292682926,Spanish Grand Prix,Spain,9,2025
10,GAS,Alpine,8.0,8.0,73.718,72.76,72.387,,30.128048780487806,45.76951219512195,34.74390243902439,1.49390243902439,158.29268292682926,Spanish Grand Prix,Spain,9,2025
6,HAD,Racing Bulls,9.0,7.0,73.718,72.76,72.387,,30.128048780487806,45.76951219512195,34.74390243902439,1.49390243902439,158.29268292682926,Spanish Grand Prix,Spain,9,2025
14,ALO,Aston Martin,10.0,9.0,73.718,72.76,72.387,,30.128048780487806,45.76951219512195,34.74390243902439,1.49390243902439,158.29268292682926,Spanish Grand Prix,Spain,9,2025
23,ALB,Williams,11.0,19.0,73.718,72.76,72.387,,30.128048780487806,45.76951219512195,34.74390243902439,1.49390243902439,158.29268292682926,Spanish Grand Prix,Spain,9,2025
5,BOR,Kick Sauber,12.0,12.0,73.718,72.76,72.387,,30.128048780487806,45.76951219512195,34.74390243902439,1.49390243902439,158.29268292682926,Spanish Grand Prix,Spain,9,2025
30,LAW,Racing Bulls,13.0,11.0,73.718,72.76,72.387,,30.128048780487806,45.76951219512195,34.74390243902439,1.49390243902439,158.29268292682926,Spanish Grand Prix,Spain,9,2025
87,BEA,Haas F1 Team,15.0,17.0,73.718,72.76,72.387,,30.128048780487806,45.76951219512195,34.74390243902439,1.49390243902439,158.29268292682926,Spanish Grand Prix,Spain,9,2025
27,HUL,Kick Sauber,16.0,5.0,73.718,72.76,72.387,,30.128048780487806,45.76951219512195,34.74390243902439,1.49390243902439,158.29268292682926,Spanish Grand Prix,Spain,9,2025
31,OCO,Haas F1 Team,17.0,16.0,73.718,72.76,72.387,,30.128048780487806,45.76951219512195,34.74390243902439,1.49390243902439,158.29268292682926,Spanish Grand Prix,Spain,9,2025
55,SAI,Williams,18.0,14.0,73.718,72.76,72.387,,30.128048780487806,45.76951219512195,34.74390243902439,1.49390243902439,158.29268292682926,Spanish Grand Prix,Spain,9,2025
43,COL,Alpine,19.0,15.0,73.718,72.76,72.387,,30.128048780487806,45.76951219512195,34.74390243902439,1.49390243902439,158.29268292682926,Spanish Grand Prix,Spain,9,2025
22,TSU,Red Bull Racing,20.0,13.0,73.718,72.76,72.387,,30.128048780487806,45.76951219512195,34.74390243902439,1.49390243902439,158.29268292682926,Spanish Grand Prix,Spain,9,2025
63,RUS,Mercedes,1.0,1.0,73.193,72.123,71.799,,19.08375,38.541250000000005,37.9875,0.9537500000000001,153.4,Canadian Grand Prix,Canada,10,2025
1,VER,Red Bull Racing,2.0,2.0,73.193,72.123,71.799,,19.08375,38.541250000000005,37.9875,0.9537500000000001,153.4,Canadian Grand Prix,Canada,10,2025
81,PIA,McLaren,3.0,4.0,73.193,72.123,71.799,,19.08375,38.541250000000005,37.9875,0.9537500000000001,153.4,Canadian Grand Prix,Canada,10,2025
12,ANT,Mercedes,4.0,3.0,73.193,72.123,71.799,,19.08375,38.541250000000005,37.9875,0.9537500000000001,153.4,Canadian Grand Prix,Canada,10,2025
44,HAM,Ferrari,5.0,6.0,73.193,72.123,71.799,,19.08375,38.541250000000005,37.9875,0.9537500000000001,153.4,Canadian Grand Prix,Canada,10,2025
14,ALO,Aston Martin,6.0,7.0,73.193,72.123,71.799,,19.08375,38.541250000000005,37.9875,0.9537500000000001,153.4,Canadian Grand Prix,Canada,10,2025
4,NOR,McLaren,7.0,18.0,73.193,72.123,71.799,,19.08375,38.541250000000005,37.9875,0.9537500000000001,153.4,Canadian Grand Prix,Canada,10,2025
16,LEC,Ferrari,8.0,5.0,73.193,72.123,71.799,,19.08375,38.541250000000005,37.9875,0.9537500000000001,153.4,Canadian Grand Prix,Canada,10,2025
6,HAD,Racing Bulls,9.0,16.0,73.193,72.123,71.799,,19.08375,38.541250000000005,37.9875,0.9537500000000001,153.4,Canadian Grand Prix,Canada,10,2025
23,ALB,Williams,10.0,20.0,73.193,72.123,71.799,,19.08375,38.541250000000005,37.9875,0.9537500000000001,153.4,Canadian Grand Prix,Canada,10,2025
22,TSU,Red Bull Racing,11.0,12.0,73.193,72.123,71.799,,19.08375,38.541250000000005,37.9875,0.9537500000000001,153.4,Canadian Grand Prix,Canada,10,2025
43,COL,Alpine,12.0,13.0,73.193,72.123,71.799,,19.08375,38.541250000000005,37.9875,0.9537500000000001,153.4,Canadian Grand Prix,Canada,10,2025
27,HUL,Kick Sauber,13.0,8.0,73.193,72.123,71.799,,19.08375,38.541250000000005,37.9875,0.9537500000000001,153.4,Canadian Grand Prix,Canada,10,2025
87,BEA,Haas F1 Team,14.0,11.0,73.193,72.123,71.799,,19.08375,38.541250000000005,37.9875,0.9537500000000001,153.4,Canadian Grand Prix,Canada,10,2025
31,OCO,Haas F1 Team,15.0,9.0,73.193,72.123,71.799,,19.08375,38.541250000000005,37.9875,0.9537500000000001,153.4,Canadian Grand Prix,Canada,10,2025
5,BOR,Kick Sauber,16.0,14.0,73.193,72.123,71.799,,19.08375,38.541250000000005,37.9875,0.9537500000000001,153.4,Canadian Grand Prix,Canada,10,2025
55,SAI,Williams,17.0,10.0,73.193,72.123,71.799,,19.08375,38.541250000000005,37.9875,0.9537500000000001,153.4,Canadian Grand Prix,Canada,10,2025
18,STR,Aston Martin,18.0,17.0,73.193,72.123,71.799,,19.08375,38.541250000000005,37.9875,0.9537500000000001,153.4,Canadian Grand Prix,Canada,10,2025
30,LAW,Racing Bulls,19.0,19.0,73.193,72.123,71.799,,19.08375,38.541250000000005,37.9875,0.9537500000000001,153.4,Canadian Grand Prix,Canada,10,2025
10,GAS,Alpine,20.0,15.0,73.193,72.123,71.799,,19.08375,38.541250000000005,37.9875,0.9537500000000001,153.4,Canadian Grand Prix,Canada,10,2025
4,NOR,McLaren,1.0,1.0,65.542,64.58,64.324,,25.46708860759494,36.3367088607595,38.11392405063291,1.1772151898734178,176.9493670886076,Austrian Grand Prix,Austria,11,2025
16,LEC,Ferrari,2.0,3.0,65.542,64.58,64.324,,25.46708860759494,36.3367088607595,38.11392405063291,1.1772151898734178,176.9493670886076,Austrian Grand Prix,Austria,11,2025
81,PIA,McLaren,3.0,2.0,65.542,64.58,64.324,,25.46708860759494,36.3367088607595,38.11392405063291,1.1772151898734178,176.9493670886076,Austrian Grand Prix,Austria,11,2025
44,HAM,Ferrari,4.0,4.0,65.542,64.58,64.324,,25.46708860759494,36.3367088607595,38.11392405063291,1.1772151898734178,176.9493670886076,Austrian Grand Prix,Austria,11,2025
63,RUS,Mercedes,5.0,5.0,65.542,64.58,64.324,,25.46708860759494,36.3367088607595,38.11392405063291,1.1772151898734178,176.9493670886076,Austrian Grand Prix,Austria,11,2025
30,LAW,Racing Bulls,6.0,6.0,65.542,64.58,64.324,,25.46708860759494,36.3367088607595,38.11392405063291,1.1772151898734178,176.9493670886076,Austrian Grand Prix,Austria,11,2025
1,VER,Red Bull Racing,7.0,18.0,65.542,64.58,64.324,,25.46708860759494,36.3367088607595,38.11392405063291,1.1772151898734178,176.9493670886076,Austrian Grand Prix,Austria,11,2025
5,BOR,Kick Sauber,8.0,8.0,65.542,64.58,64.324,,25.46708860759494,36.3367088607595,38.11392405063291,1.1772151898734178,176.9493670886076,Austrian Grand Prix,Austria,11,2025
12,ANT,Mercedes,9.0,19.0,65.542,64.58,64.324,,25.46708860759494,36.3367088607595,38.11392405063291,1.1772151898734178,176.9493670886076,Austrian Grand Prix,Austria,11,2025
10,GAS,Alpine,10.0,13.0,65.542,64.58,64.324,,25.46708860759494,36.3367088607595,38.11392405063291,1.1772151898734178,176.9493670886076,Austrian Grand Prix,Austria,11,2025
14,ALO,Aston Martin,11.0,7.0,65.542,64.58,64.324,,25.46708860759494,36.3367088607595,38.11392405063291,1.1772151898734178,176.9493670886076,Austrian Grand Prix,Austria,11,2025
23,ALB,Williams,12.0,17.0,65.542,64.58,64.324,,25.46708860759494,36.3367088607595,38.11392405063291,1.1772151898734178,176.9493670886076,Austrian Grand Prix,Austria,11,2025
6,HAD,Racing Bulls,13.0,12.0,65.542,64.58,64.324,,25.46708860759494,36.3367088607595,38.11392405063291,1.1772151898734178,176.9493670886076,Austrian Grand Prix,Austria,11,2025
43,COL,Alpine,14.0,15.0,65.542,64.58,64.324,,25.46708860759494,36.3367088607595,38.11392405063291,1.1772151898734178,176.9493670886076,Austrian Grand Prix,Austria,11,2025
87,BEA,Haas F1 Team,15.0,11.0,65.542,64.58,64.324,,25.46708860759494,36.3367088607595,38.11392405063291,1.1772151898734178,176.9493670886076,Austrian Grand Prix,Austria,11,2025
18,STR,Aston Martin,16.0,14.0,65.542,64.58,64.324,,25.46708860759494,36.3367088607595,38.11392405063291,1.1772151898734178,176.9493670886076,Austrian Grand Prix,Austria,11,2025
31,OCO,Haas F1 Team,17.0,10.0,65.542,64.58,64.324,,25.46708860759494,36.3367088607595,38.11392405063291,1.1772151898734178,176.9493670886076,Austrian Grand Prix,Austria,11,2025
22,TSU,Red Bull Racing,18.0,16.0,65.542,64.58,64.324,,25.46708860759494,36.3367088607595,38.11392405063291,1.1772151898734178,176.9493670886076,Austrian Grand Prix,Austria,11,2025
55,SAI,Williams,19.0,20.0,65.542,64.58,64.324,,25.46708860759494,36.3367088607595,38.11392405063291,1.1772151898734178,176.9493670886076,Austrian Grand Prix,Austria,11,2025
27,HUL,Kick Sauber,20.0,9.0,65.542,64.58,64.324,,25.46708860759494,36.3367088607595,38.11392405063291,1.1772151898734178,176.9493670886076,Austrian Grand Prix,Austria,11,2025
1,VER,Red Bull Racing,1.0,5.0,86.892,85.816,85.498,,24.15925925925926,39.83209876543209,35.06172839506173,3.691358024691358,231.97530864197532,British Grand Prix,United Kingdom,12,2025
81,PIA,McLaren,2.0,2.0,86.892,85.816,85.498,,24.15925925925926,39.83209876543209,35.06172839506173,3.691358024691358,231.97530864197532,British Grand Prix,United Kingdom,12,2025
4,NOR,McLaren,3.0,1.0,86.892,85.816,85.498,,24.15925925925926,39.83209876543209,35.06172839506173,3.691358024691358,231.97530864197532,British Grand Prix,United Kingdom,12,2025
63,RUS,Mercedes,4.0,10.0,86.892,85.816,85.498,,24.15925925925926,39.83209876543209,35.06172839506173,3.691358024691358,231.97530864197532,British Grand Prix,United Kingdom,12,2025
44,HAM,Ferrari,5.0,4.0,86.892,85.816,85.498,,24.15925925925926,39.83209876543209,35.06172839506173,3.691358024691358,231.97530864197532,British Grand Prix,United Kingdom,12,2025
16,LEC,Ferrari,6.0,14.0,86.892,85.816,85.498,,24.15925925925926,39.83209876543209,35.06172839506173,3.691358024691358,231.97530864197532,British Grand Prix,United Kingdom,12,2025
12,ANT,Mercedes,7.0,16.0,86.892,85.816,85.498,,24.15925925925926,39.83209876543209,35.06172839506173,3.691358024691358,231.97530864197532,British Grand Prix,United Kingdom,12,2025
87,BEA,Haas F1 Team,8.0,11.0,86.892,85.816,85.498,,24.15925925925926,39.83209876543209,35.06172839506173,3.691358024691358,231.97530864197532,British Grand Prix,United Kingdom,12,2025
14,ALO,Aston Martin,9.0,9.0,86.892,85.816,85.498,,24.15925925925926,39.83209876543209,35.06172839506173,3.691358024691358,231.97530864197532,British Grand Prix,United Kingdom,12,2025
10,GAS,Alpine,10.0,6.0,86.892,85.816,85.498,,24.15925925925926,39.83209876543209,35.06172839506173,3.691358024691358,231.97530864197532,British Grand Prix,United Kingdom,12,2025
55,SAI,Williams,11.0,12.0,86.892,85.816,85.498,,24.15925925925926,39.83209876543209,35.06172839506173,3.691358024691358,231.97530864197532,British Grand Prix,United Kingdom,12,2025
22,TSU,Red Bull Racing,12.0,15.0,86.892,85.816,85.498,,24.15925925925926,39.83209876543209,35.06172839506173,3.691358024691358,231.97530864197532,British Grand Prix,United Kingdom,12,2025
6,HAD,Racing Bulls,13.0,17.0,86.892,85.816,85.498,,24.15925925925926,39.83209876543209,35.06172839506173,3.691358024691358,231.97530864197532,British Grand Prix,United Kingdom,12,2025
23,ALB,Williams,14.0,8.0,86.892,85.816,85.498,,24.15925925925926,39.83209876543209,35.06172839506173,3.691358024691358,231.97530864197532,British Grand Prix,United Kingdom,12,2025
31,OCO,Haas F1 Team,15.0,13.0,86.892,85.816,85.498,,24.15925925925926,39.83209876543209,35.06172839506173,3.691358024691358,231.97530864197532,British Grand Prix,United Kingdom,12,2025
30,LAW,Racing Bulls,16.0,19.0,86.892,85.816,85.498,,24.15925925925926,39.83209876543209,35.06172839506173,3.691358024691358,231.97530864197532,British Grand Prix,United Kingdom,12,2025
5,BOR,Kick Sauber,17.0,18.0,86.892,85.816,85.498,,24.15925925925926,39.83209876543209,35.06172839506173,3.691358024691358,231.97530864197532,British Grand Prix,United Kingdom,12,2025
18,STR,Aston Martin,18.0,7.0,86.892,85.816,85.498,,24.15925925925926,39.83209876543209,35.06172839506173,3.691358024691358,231.97530864197532,British Grand Prix,United Kingdom,12,2025
27,HUL,Kick Sauber,19.0,3.0,86.892,85.816,85.498,,24.15925925925926,39.83209876543209,35.06172839506173,3.691358024691358,231.97530864197532,British Grand Prix,United Kingdom,12,2025
43,COL,Alpine,20.0,20.0,86.892,85.816,85.498,,24.15925925925926,39.83209876543209,35.06172839506173,3.691358024691358,231.97530864197532,British Grand Prix,United Kingdom,12,2025
4,NOR,McLaren,1.0,2.0,102.022,,,,20.919753086419753,35.938271604938265,67.51851851851852,1.5432098765432098,295.55555555555554,Belgian Grand Prix,Belgium,13,2025
81,PIA,McLaren,2.0,1.0,102.022,,,,20.919753086419753,35.938271604938265,67.51851851851852,1.5432098765432098,295.55555555555554,Belgian Grand Prix,Belgium,13,2025
16,LEC,Ferrari,3.0,3.0,102.022,,,,20.919753086419753,35.938271604938265,67.51851851851852,1.5432098765432098,295.55555555555554,Belgian Grand Prix,Belgium,13,2025
1,VER,Red Bull Racing,4.0,4.0,102.022,,,,20.919753086419753,35.938271604938265,67.51851851851852,1.5432098765432098,295.55555555555554,Belgian Grand Prix,Belgium,13,2025
23,ALB,Williams,5.0,6.0,102.022,,,,20.919753086419753,35.938271604938265,67.51851851851852,1.5432098765432098,295.55555555555554,Belgian Grand Prix,Belgium,13,2025
63,RUS,Mercedes,6.0,5.0,102.022,,,,20.919753086419753,35.938271604938265,67.51851851851852,1.5432098765432098,295.55555555555554,Belgian Grand Prix,Belgium,13,2025
22,TSU,Red Bull Racing,7.0,13.0,102.022,,,,20.919753086419753,35.938271604938265,67.51851851851852,1.5432098765432098,295.55555555555554,Belgian Grand Prix,Belgium,13,2025
6,HAD,Racing Bulls,8.0,20.0,102.022,,,,20.919753086419753,35.938271604938265,67.51851851851852,1.5432098765432098,295.55555555555554,Belgian Grand Prix,Belgium,13,2025
30,LAW,Racing Bulls,9.0,8.0,102.022,,,,20.919753086419753,35.938271604938265,67.51851851851852,1.5432098765432098,295.55555555555554,Belgian Grand Prix,Belgium,13,2025
5,BOR,Kick Sauber,10.0,9.0,102.022,,,,20.919753086419753,35.938271604938265,67.51851851851852,1.5432098765432098,295.55555555555554,Belgian Grand Prix,Belgium,13,2025
31,OCO,Haas F1 Team,11.0,15.0,102.022,,,,20.919753086419753,35.938271604938265,67.51851851851852,1.5432098765432098,295.55555555555554,Belgian Grand Prix,Belgium,13,2025
87,BEA,Haas F1 Team,12.0,11.0,102.022,,,,20.919753086419753,35.938271604938265,67.51851851851852,1.5432098765432098,295.55555555555554,Belgian Grand Prix,Belgium,13,2025
10,GAS,Alpine,13.0,10.0,102.022,,,,20.919753086419753,35.938271604938265,67.51851851851852,1.5432098765432098,295.55555555555554,Belgian Grand Prix,Belgium,13,2025
27,HUL,Kick Sauber,14.0,12.0,102.022,,,,20.919753086419753,35.938271604938265,67.51851851851852,1.5432098765432098,295.55555555555554,Belgian Grand Prix,Belgium,13,2025
55,SAI,Williams,15.0,18.0,102.022,,,,20.919753086419753,35.938271604938265,67.51851851851852,1.5432098765432098,295.55555555555554,Belgian Grand Prix,Belgium,13,2025
44,HAM,Ferrari,16.0,7.0,102.022,,,,20.919753086419753,35.938271604938265,67.51851851851852,1.5432098765432098,295.55555555555554,Belgian Grand Prix,Belgium,13,2025
43,COL,Alpine,17.0,19.0,102.022,,,,20.919753086419753,35.938271604938265,67.51851851851852,1.5432098765432098,295.55555555555554,Belgian Grand Prix,Belgium,13,2025
12,ANT,Mercedes,18.0,16.0,102.022,,,,20.919753086419753,35.938271604938265,67.51851851851852,1.5432098765432098,295.55555555555554,Belgian Grand Prix,Belgium,13,2025
14,ALO,Aston Martin,19.0,17.0,102.022,,,,20.919753086419753,35.938271604938265,67.51851851851852,1.5432098765432098,295.55555555555554,Belgian Grand Prix,Belgium,13,2025
18,STR,Aston Martin,20.0,14.0,102.022,,,,20.919753086419753,35.938271604938265,67.51851851851852,1.5432098765432098,295.55555555555554,Belgian Grand Prix,Belgium,13,2025
16,LEC,Ferrari,1.0,4.0,76.052,75.624,74.916,,27.108641975308643,38.32716049382716,37.074074074074076,1.362962962962963,156.44444444444446,Hungarian Grand Prix,Hungary,14,2025
81,PIA,McLaren,2.0,2.0,76.052,75.624,74.916,,27.108641975308643,38.32716049382716,37.074074074074076,1.362962962962963,156.44444444444446,Hungarian Grand Prix,Hungary,14,2025
4,NOR,McLaren,3.0,1.0,76.052,75.624,74.916,,27.108641975308643,38.32716049382716,37.074074074074076,1.362962962962963,156.44444444444446,Hungarian Grand Prix,Hungary,14,2025
63,RUS,Mercedes,4.0,3.0,76.052,75.624,74.916,,27.108641975308643,38.32716049382716,37.074074074074076,1.362962962962963,156.44444444444446,Hungarian Grand Prix,Hungary,14,2025
14,ALO,Aston Martin,5.0,5.0,76.052,75.624,74.916,,27.108641975308643,38.32716049382716,37.074074074074076,1.362962962962963,156.44444444444446,Hungarian Grand Prix,Hungary,14,2025
18,STR,Aston Martin,6.0,7.0,76.052,75.624,74.916,,27.108641975308643,38.32716049382716,37.074074074074076,1.362962962962963,156.44444444444446,Hungarian Grand Prix,Hungary,14,2025
5,BOR,Kick Sauber,7.0,6.0,76.052,75.624,74.916,,27.108641975308643,38.32716049382716,37.074074074074076,1.362962962962963,156.44444444444446,Hungarian Grand Prix,Hungary,14,2025
1,VER,Red Bull Racing,8.0,9.0,76.052,75.624,74.916,,27.108641975308643,38.32716049382716,37.074074074074076,1.362962962962963,156.44444444444446,Hungarian Grand Prix,Hungary,14,2025
30,LAW,Racing Bulls,9.0,8.0,76.052,75.624,74.916,,27.108641975308643,38.32716049382716,37.074074074074076,1.362962962962963,156.44444444444446,Hungarian Grand Prix,Hungary,14,2025
6,HAD,Racing Bulls,10.0,11.0,76.052,75.624,74.916,,27.108641975308643,38.32716049382716,37.074074074074076,1.362962962962963,156.44444444444446,Hungarian Grand Prix,Hungary,14,2025
87,BEA,Haas F1 Team,11.0,20.0,76.052,75.624,74.916,,27.108641975308643,38.32716049382716,37.074074074074076,1.362962962962963,156.44444444444446,Hungarian Grand Prix,Hungary,14,2025
44,HAM,Ferrari,12.0,12.0,76.052,75.624,74.916,,27.108641975308643,38.32716049382716,37.074074074074076,1.362962962962963,156.44444444444446,Hungarian Grand Prix,Hungary,14,2025
55,SAI,Williams,13.0,14.0,76.052,75.624,74.916,,27.108641975308643,38.32716049382716,37.074074074074076,1.362962962962963,156.44444444444446,Hungarian Grand Prix,Hungary,14,2025
43,COL,Alpine,14.0,18.0,76.052,75.624,74.916,,27.108641975308643,38.32716049382716,37.074074074074076,1.362962962962963,156.44444444444446,Hungarian Grand Prix,Hungary,14,2025
12,ANT,Mercedes,15.0,10.0,76.052,75.624,74.916,,27.108641975308643,38.32716049382716,37.074074074074076,1.362962962962963,156.44444444444446,Hungarian Grand Prix,Hungary,14,2025
22,TSU,Red Bull Racing,16.0,17.0,76.052,75.624,74.916,,27.108641975308643,38.32716049382716,37.074074074074076,1.362962962962963,156.44444444444446,Hungarian Grand Prix,Hungary,14,2025
10,GAS,Alpine,17.0,19.0,76.052,75.624,74.916,,27.108641975308643,38.32716049382716,37.074074074074076,1.362962962962963,156.44444444444446,Hungarian Grand Prix,Hungary,14,2025
31,OCO,Haas F1 Team,18.0,16.0,76.052,75.624,74.916,,27.108641975308643,38.32716049382716,37.074074074074076,1.362962962962963,156.44444444444446,Hungarian Grand Prix,Hungary,14,2025
27,HUL,Kick Sauber,19.0,13.0,76.052,75.624,74.916,,27.108641975308643,38.32716049382716,37.074074074074076,1.362962962962963,156.44444444444446,Hungarian Grand Prix,Hungary,14,2025
23,ALB,Williams,20.0,15.0,76.052,75.624,74.916,,27.108641975308643,38.32716049382716,37.074074074074076,1.362962962962963,156.44444444444446,Hungarian Grand Prix,Hungary,14,2025
81,PIA,McLaren,1.0,1.0,70.278,69.89,68.972,,19.71851851851852,27.179012345679013,60.370370370370374,3.1604938271604937,209.8148148148148,Dutch Grand Prix,Netherlands,15,2025
4,NOR,McLaren,2.0,18.0,70.278,69.89,68.972,,19.71851851851852,27.179012345679013,60.370370370370374,3.1604938271604937,209.8148148148148,Dutch Grand Prix,Netherlands,15,2025
1,VER,Red Bull Racing,3.0,2.0,70.278,69.89,68.972,,19.71851851851852,27.179012345679013,60.370370370370374,3.1604938271604937,209.8148148148148,Dutch Grand Prix,Netherlands,15,2025
6,HAD,Racing Bulls,4.0,3.0,70.278,69.89,68.972,,19.71851851851852,27.179012345679013,60.370370370370374,3.1604938271604937,209.8148148148148,Dutch Grand Prix,Netherlands,15,2025
63,RUS,Mercedes,5.0,4.0,70.278,69.89,68.972,,19.71851851851852,27.179012345679013,60.370370370370374,3.1604938271604937,209.8148148148148,Dutch Grand Prix,Netherlands,15,2025
16,LEC,Ferrari,6.0,19.0,70.278,69.89,68.972,,19.71851851851852,27.179012345679013,60.370370370370374,3.1604938271604937,209.8148148148148,Dutch Grand Prix,Netherlands,15,2025
44,HAM,Ferrari,7.0,20.0,70.278,69.89,68.972,,19.71851851851852,27.179012345679013,60.370370370370374,3.1604938271604937,209.8148148148148,Dutch Grand Prix,Netherlands,15,2025
30,LAW,Racing Bulls,8.0,12.0,70.278,69.89,68.972,,19.71851851851852,27.179012345679013,60.370370370370374,3.1604938271604937,209.8148148148148,Dutch Grand Prix,Netherlands,15,2025
55,SAI,Williams,9.0,13.0,70.278,69.89,68.972,,19.71851851851852,27.179012345679013,60.370370370370374,3.1604938271604937,209.8148148148148,Dutch Grand Prix,Netherlands,15,2025
14,ALO,Aston Martin,10.0,8.0,70.278,69.89,68.972,,19.71851851851852,27.179012345679013,60.370370370370374,3.1604938271604937,209.8148148148148,Dutch Grand Prix,Netherlands,15,2025
12,ANT,Mercedes,11.0,16.0,70.278,69.89,68.972,,19.71851851851852,27.179012345679013,60.370370370370374,3.1604938271604937,209.8148148148148,Dutch Grand Prix,Netherlands,15,2025
22,TSU,Red Bull Racing,12.0,9.0,70.278,69.89,68.972,,19.71851851851852,27.179012345679013,60.370370370370374,3.1604938271604937,209.8148148148148,Dutch Grand Prix,Netherlands,15,2025
5,BOR,Kick Sauber,13.0,15.0,70.278,69.89,68.972,,19.71851851851852,27.179012345679013,60.370370370370374,3.1604938271604937,209.8148148148148,Dutch Grand Prix,Netherlands,15,2025
10,GAS,Alpine,14.0,17.0,70.278,69.89,68.972,,19.71851851851852,27.179012345679013,60.370370370370374,3.1604938271604937,209.8148148148148,Dutch Grand Prix,Netherlands,15,2025
23,ALB,Williams,15.0,5.0,70.278,69.89,68.972,,19.71851851851852,27.179012345679013,60.370370370370374,3.1604938271604937,209.8148148148148,Dutch Grand Prix,Netherlands,15,2025
43,COL,Alpine,16.0,11.0,70.278,69.89,68.972,,19.71851851851852,27.179012345679013,60.370370370370374,3.1604938271604937,209.8148148148148,Dutch Grand Prix,Netherlands,15,2025
27,HUL,Kick Sauber,17.0,14.0,70.278,69.89,68.972,,19.71851851851852,27.179012345679013,60.370370370370374,3.1604938271604937,209.8148148148148,Dutch Grand Prix,Netherlands,15,2025
31,OCO,Haas F1 Team,18.0,10.0,70.278,69.89,68.972,,19.71851851851852,27.179012345679013,60.370370370370374,3.1604938271604937,209.8148148148148,Dutch Grand Prix,Netherlands,15,2025
87,BEA,Haas F1 Team,19.0,6.0,70.278,69.89,68.972,,19.71851851851852,27.179012345679013,60.370370370370374,3.1604938271604937,209.8148148148148,Dutch Grand Prix,Netherlands,15,2025
18,STR,Aston Martin,20.0,7.0,70.278,69.89,68.972,,19.71851851851852,27.179012345679013,60.370370370370374,3.1604938271604937,209.8148148148148,Dutch Grand Prix,Netherlands,15,2025
1,VER,Red Bull Racing,1.0,1.0,80.117,79.878,79.331,,26.53456790123457,38.781481481481485,31.419753086419753,1.7641975308641973,226.50617283950618,Italian Grand Prix,Italy,16,2025
4,NOR,McLaren,2.0,2.0,80.117,79.878,79.331,,26.53456790123457,38.781481481481485,31.419753086419753,1.7641975308641973,226.50617283950618,Italian Grand Prix,Italy,16,2025
81,PIA,McLaren,3.0,3.0,80.117,79.878,79.331,,26.53456790123457,38.781481481481485,31.419753086419753,1.7641975308641973,226.50617283950618,Italian Grand Prix,Italy,16,2025
16,LEC,Ferrari,4.0,4.0,80.117,79.878,79.331,,26.53456790123457,38.781481481481485,31.419753086419753,1.7641975308641973,226.50617283950618,Italian Grand Prix,Italy,16,2025
44,HAM,Ferrari,5.0,6.0,80.117,79.878,79.331,,26.53456790123457,38.781481481481485,31.419753086419753,1.7641975308641973,226.50617283950618,Italian Grand Prix,Italy,16,2025
63,RUS,Mercedes,6.0,5.0,80.117,79.878,79.331,,26.53456790123457,38.781481481481485,31.419753086419753,1.7641975308641973,226.50617283950618,Italian Grand Prix,Italy,16,2025
12,ANT,Mercedes,7.0,9.0,80.117,79.878,79.331,,26.53456790123457,38.781481481481485,31.419753086419753,1.7641975308641973,226.50617283950618,Italian Grand Prix,Italy,16,2025
5,BOR,Kick Sauber,8.0,8.0,80.117,79.878,79.331,,26.53456790123457,38.781481481481485,31.419753086419753,1.7641975308641973,226.50617283950618,Italian Grand Prix,Italy,16,2025
14,ALO,Aston Martin,9.0,19.0,80.117,79.878,79.331,,26.53456790123457,38.781481481481485,31.419753086419753,1.7641975308641973,226.50617283950618,Italian Grand Prix,Italy,16,2025
22,TSU,Red Bull Racing,10.0,13.0,80.117,79.878,79.331,,26.53456790123457,38.781481481481485,31.419753086419753,1.7641975308641973,226.50617283950618,Italian Grand Prix,Italy,16,2025
87,BEA,Haas F1 Team,11.0,12.0,80.117,79.878,79.331,,26.53456790123457,38.781481481481485,31.419753086419753,1.7641975308641973,226.50617283950618,Italian Grand Prix,Italy,16,2025
27,HUL,Kick Sauber,12.0,20.0,80.117,79.878,79.331,,26.53456790123457,38.781481481481485,31.419753086419753,1.7641975308641973,226.50617283950618,Italian Grand Prix,Italy,16,2025
55,SAI,Williams,13.0,11.0,80.117,79.878,79.331,,26.53456790123457,38.781481481481485,31.419753086419753,1.7641975308641973,226.50617283950618,Italian Grand Prix,Italy,16,2025
23,ALB,Williams,14.0,7.0,80.117,79.878,79.331,,26.53456790123457,38.781481481481485,31.419753086419753,1.7641975308641973,226.50617283950618,Italian Grand Prix,Italy,16,2025
31,OCO,Haas F1 Team,15.0,15.0,80.117,79.878,79.331,,26.53456790123457,38.781481481481485,31.419753086419753,1.7641975308641973,226.50617283950618,Italian Grand Prix,Italy,16,2025
6,HAD,Racing Bulls,16.0,10.0,80.117,79.878,79.331,,26.53456790123457,38.781481481481485,31.419753086419753,1.7641975308641973,226.50617283950618,Italian Grand Prix,Italy,16,2025
18,STR,Aston Martin,17.0,18.0,80.117,79.878,79.331,,26.53456790123457,38.781481481481485,31.419753086419753,1.7641975308641973,226.50617283950618,Italian Grand Prix,Italy,16,2025
43,COL,Alpine,18.0,17.0,80.117,79.878,79.331,,26.53456790123457,38.781481481481485,31.419753086419753,1.7641975308641973,226.50617283950618,Italian Grand Prix,Italy,16,2025
10,GAS,Alpine,19.0,16.0,80.117,79.878,79.331,,26.53456790123457,38.781481481481485,31.419753086419753,1.7641975308641973,226.50617283950618,Italian Grand Prix,Italy,16,2025
30,LAW,Racing Bulls,20.0,14.0,80.117,79.878,79.331,,26.53456790123457,38.781481481481485,31.419753086419753,1.7641975308641973,226.50617283950618,Italian Grand Prix,Italy,16,2025
1,VER,Red Bull Racing,1.0,1.0,102.704,101.293,101.223,,24.904819277108437,32.05903614457831,67.39759036144578,0.7795180722891567,176.13253012048193,Azerbaijan Grand Prix,Azerbaijan,17,2025
55,SAI,Williams,2.0,3.0,102.704,101.293,101.223,,24.904819277108437,32.05903614457831,67.39759036144578,0.7795180722891567,176.13253012048193,Azerbaijan Grand Prix,Azerbaijan,17,2025
30,LAW,Racing Bulls,3.0,5.0,102.704,101.293,101.223,,24.904819277108437,32.05903614457831,67.39759036144578,0.7795180722891567,176.13253012048193,Azerbaijan Grand Prix,Azerbaijan,17,2025
12,ANT,Mercedes,4.0,4.0,102.704,101.293,101.223,,24.904819277108437,32.05903614457831,67.39759036144578,0.7795180722891567,176.13253012048193,Azerbaijan Grand Prix,Azerbaijan,17,2025
63,RUS,Mercedes,5.0,2.0,102.704,101.293,101.223,,24.904819277108437,32.05903614457831,67.39759036144578,0.7795180722891567,176.13253012048193,Azerbaijan Grand Prix,Azerbaijan,17,2025
22,TSU,Red Bull Racing,6.0,6.0,102.704,101.293,101.223,,24.904819277108437,32.05903614457831,67.39759036144578,0.7795180722891567,176.13253012048193,Azerbaijan Grand Prix,Azerbaijan,17,2025
4,NOR,McLaren,7.0,7.0,102.704,101.293,101.223,,24.904819277108437,32.05903614457831,67.39759036144578,0.7795180722891567,176.13253012048193,Azerbaijan Grand Prix,Azerbaijan,17,2025
6,HAD,Racing Bulls,8.0,10.0,102.704,101.293,101.223,,24.904819277108437,32.05903614457831,67.39759036144578,0.7795180722891567,176.13253012048193,Azerbaijan Grand Prix,Azerbaijan,17,2025
81,PIA,McLaren,9.0,20.0,102.704,101.293,101.223,,24.904819277108437,32.05903614457831,67.39759036144578,0.7795180722891567,176.13253012048193,Azerbaijan Grand Prix,Azerbaijan,17,2025
16,LEC,Ferrari,10.0,9.0,102.704,101.293,101.223,,24.904819277108437,32.05903614457831,67.39759036144578,0.7795180722891567,176.13253012048193,Azerbaijan Grand Prix,Azerbaijan,17,2025
14,ALO,Aston Martin,11.0,15.0,102.704,101.293,101.223,,24.904819277108437,32.05903614457831,67.39759036144578,0.7795180722891567,176.13253012048193,Azerbaijan Grand Prix,Azerbaijan,17,2025
44,HAM,Ferrari,12.0,8.0,102.704,101.293,101.223,,24.904819277108437,32.05903614457831,67.39759036144578,0.7795180722891567,176.13253012048193,Azerbaijan Grand Prix,Azerbaijan,17,2025
5,BOR,Kick Sauber,13.0,11.0,102.704,101.293,101.223,,24.904819277108437,32.05903614457831,67.39759036144578,0.7795180722891567,176.13253012048193,Azerbaijan Grand Prix,Azerbaijan,17,2025
18,STR,Aston Martin,14.0,17.0,102.704,101.293,101.223,,24.904819277108437,32.05903614457831,67.39759036144578,0.7795180722891567,176.13253012048193,Azerbaijan Grand Prix,Azerbaijan,17,2025
87,BEA,Haas F1 Team,15.0,12.0,102.704,101.293,101.223,,24.904819277108437,32.05903614457831,67.39759036144578,0.7795180722891567,176.13253012048193,Azerbaijan Grand Prix,Azerbaijan,17,2025
43,COL,Alpine,16.0,19.0,102.704,101.293,101.223,,24.904819277108437,32.05903614457831,67.39759036144578,0.7795180722891567,176.13253012048193,Azerbaijan Grand Prix,Azerbaijan,17,2025
27,HUL,Kick Sauber,17.0,16.0,102.704,101.293,101.223,,24.904819277108437,32.05903614457831,67.39759036144578,0.7795180722891567,176.13253012048193,Azerbaijan Grand Prix,Azerbaijan,17,2025
10,GAS,Alpine,18.0,18.0,102.704,101.293,101.223,,24.904819277108437,32.05903614457831,67.39759036144578,0.7795180722891567,176.13253012048193,Azerbaijan Grand Prix,Azerbaijan,17,2025
23,ALB,Williams,19.0,13.0,102.704,101.293,101.223,,24.904819277108437,32.05903614457831,67.39759036144578,0.7795180722891567,176.13253012048193,Azerbaijan Grand Prix,Azerbaijan,17,2025
31,OCO,Haas F1 Team,20.0,14.0,102.704,101.293,101.223,,24.904819277108437,32.05903614457831,67.39759036144578,0.7795180722891567,176.13253012048193,Azerbaijan Grand Prix,Azerbaijan,17,2025
63,RUS,Mercedes,1.0,1.0,91.116,90.714,90.148,,28.201234567901235,32.18395061728395,76.70370370370371,1.6703703703703703,152.54320987654322,Singapore Grand Prix,Singapore,18,2025
1,VER,Red Bull Racing,2.0,2.0,91.116,90.714,90.148,,28.201234567901235,32.18395061728395,76.70370370370371,1.6703703703703703,152.54320987654322,Singapore Grand Prix,Singapore,18,2025
81,PIA,McLaren,3.0,4.0,91.116,90.714,90.148,,28.201234567901235,32.18395061728395,76.70370370370371,1.6703703703703703,152.54320987654322,Singapore Grand Prix,Singapore,18,2025
12,ANT,Mercedes,4.0,5.0,91.116,90.714,90.148,,28.201234567901235,32.18395061728395,76.70370370370371,1.6703703703703703,152.54320987654322,Singapore Grand Prix,Singapore,18,2025
4,NOR,McLaren,5.0,3.0,91.116,90.714,90.148,,28.201234567901235,32.18395061728395,76.70370370370371,1.6703703703703703,152.54320987654322,Singapore Grand Prix,Singapore,18,2025
44,HAM,Ferrari,6.0,8.0,91.116,90.714,90.148,,28.201234567901235,32.18395061728395,76.70370370370371,1.6703703703703703,152.54320987654322,Singapore Grand Prix,Singapore,18,2025
16,LEC,Ferrari,7.0,6.0,91.116,90.714,90.148,,28.201234567901235,32.18395061728395,76.70370370370371,1.6703703703703703,152.54320987654322,Singapore Grand Prix,Singapore,18,2025
6,HAD,Racing Bulls,8.0,11.0,91.116,90.714,90.148,,28.201234567901235,32.18395061728395,76.70370370370371,1.6703703703703703,152.54320987654322,Singapore Grand Prix,Singapore,18,2025
87,BEA,Haas F1 Team,9.0,9.0,91.116,90.714,90.148,,28.201234567901235,32.18395061728395,76.70370370370371,1.6703703703703703,152.54320987654322,Singapore Grand Prix,Singapore,18,2025
14,ALO,Aston Martin,10.0,7.0,91.116,90.714,90.148,,28.201234567901235,32.18395061728395,76.70370370370371,1.6703703703703703,152.54320987654322,Singapore Grand Prix,Singapore,18,2025
27,HUL,Kick Sauber,11.0,20.0,91.116,90.714,90.148,,28.201234567901235,32.18395061728395,76.70370370370371,1.6703703703703703,152.54320987654322,Singapore Grand Prix,Singapore,18,2025
30,LAW,Racing Bulls,12.0,15.0,91.116,90.714,90.148,,28.201234567901235,32.18395061728395,76.70370370370371,1.6703703703703703,152.54320987654322,Singapore Grand Prix,Singapore,18,2025
22,TSU,Red Bull Racing,13.0,12.0,91.116,90.714,90.148,,28.201234567901235,32.18395061728395,76.70370370370371,1.6703703703703703,152.54320987654322,Singapore Grand Prix,Singapore,18,2025
5,BOR,Kick Sauber,14.0,17.0,91.116,90.714,90.148,,28.201234567901235,32.18395061728395,76.70370370370371,1.6703703703703703,152.54320987654322,Singapore Grand Prix,Singapore,18,2025
18,STR,Aston Martin,15.0,13.0,91.116,90.714,90.148,,28.201234567901235,32.18395061728395,76.70370370370371,1.6703703703703703,152.54320987654322,Singapore Grand Prix,Singapore,18,2025
43,COL,Alpine,16.0,16.0,91.116,90.714,90.148,,28.201234567901235,32.18395061728395,76.70370370370371,1.6703703703703703,152.54320987654322,Singapore Grand Prix,Singapore,18,2025
31,OCO,Haas F1 Team,17.0,18.0,91.116,90.714,90.148,,28.201234567901235,32.18395061728395,76.70370370370371,1.6703703703703703,152.54320987654322,Singapore Grand Prix,Singapore,18,2025
10,GAS,Alpine,18.0,19.0,91.116,90.714,90.148,,28.201234567901235,32.18395061728395,76.70370370370371,1.6703703703703703,152.54320987654322,Singapore Grand Prix,Singapore,18,2025
23,ALB,Williams,19.0,14.0,91.116,90.714,90.148,,28.201234567901235,32.18395061728395,76.70370370370371,1.6703703703703703,152.54320987654322,Singapore Grand Prix,Singapore,18,2025
55,SAI,Williams,20.0,10.0,91.116,90.714,90.148,,28.201234567901235,32.18395061728395,76.70370370370371,1.6703703703703703,152.54320987654322,Singapore Grand Prix,Singapore,18,2025
1,VER,Red Bull Racing,1.0,1.0,93.294,,,,29.952439024390248,42.21829268292684,50.03658536585366,2.3341463414634145,135.9390243902439,United States Grand Prix,United States,19,2025
4,NOR,McLaren,2.0,2.0,93.294,,,,29.952439024390248,42.21829268292684,50.03658536585366,2.3341463414634145,135.9390243902439,United States Grand Prix,United States,19,2025
16,LEC,Ferrari,3.0,3.0,93.294,,,,29.952439024390248,42.21829268292684,50.03658536585366,2.3341463414634145,135.9390243902439,United States Grand Prix,United States,19,2025
63,RUS,Mercedes,4.0,6.0,93.294,,,,29.952439024390248,42.21829268292684,50.03658536585366,2.3341463414634145,135.9390243902439,United States Grand Prix,United States,19,2025
44,HAM,Ferrari,5.0,4.0,93.294,,,,29.952439024390248,42.21829268292684,50.03658536585366,2.3341463414634145,135.9390243902439,United States Grand Prix,United States,19,2025
81,PIA,McLaren,6.0,5.0,93.294,,,,29.952439024390248,42.21829268292684,50.03658536585366,2.3341463414634145,135.9390243902439,United States Grand Prix,United States,19,2025
12,ANT,Mercedes,7.0,13.0,93.294,,,,29.952439024390248,42.21829268292684,50.03658536585366,2.3341463414634145,135.9390243902439,United States Grand Prix,United States,19,2025
87,BEA,Haas F1 Team,8.0,9.0,93.294,,,,29.952439024390248,42.21829268292684,50.03658536585366,2.3341463414634145,135.9390243902439,United States Grand Prix,United States,19,2025
55,SAI,Williams,9.0,20.0,93.294,,,,29.952439024390248,42.21829268292684,50.03658536585366,2.3341463414634145,135.9390243902439,United States Grand Prix,United States,19,2025
14,ALO,Aston Martin,10.0,10.0,93.294,,,,29.952439024390248,42.21829268292684,50.03658536585366,2.3341463414634145,135.9390243902439,United States Grand Prix,United States,19,2025
27,HUL,Kick Sauber,11.0,8.0,93.294,,,,29.952439024390248,42.21829268292684,50.03658536585366,2.3341463414634145,135.9390243902439,United States Grand Prix,United States,19,2025
30,LAW,Racing Bulls,12.0,11.0,93.294,,,,29.952439024390248,42.21829268292684,50.03658536585366,2.3341463414634145,135.9390243902439,United States Grand Prix,United States,19,2025
22,TSU,Red Bull Racing,13.0,7.0,93.294,,,,29.952439024390248,42.21829268292684,50.03658536585366,2.3341463414634145,135.9390243902439,United States Grand Prix,United States,19,2025
10,GAS,Alpine,14.0,19.0,93.294,,,,29.952439024390248,42.21829268292684,50.03658536585366,2.3341463414634145,135.9390243902439,United States Grand Prix,United States,19,2025
43,COL,Alpine,15.0,17.0,93.294,,,,29.952439024390248,42.21829268292684,50.03658536585366,2.3341463414634145,135.9390243902439,United States Grand Prix,United States,19,2025
5,BOR,Kick Sauber,16.0,18.0,93.294,,,,29.952439024390248,42.21829268292684,50.03658536585366,2.3341463414634145,135.9390243902439,United States Grand Prix,United States,19,2025
31,OCO,Haas F1 Team,17.0,15.0,93.294,,,,29.952439024390248,42.21829268292684,50.03658536585366,2.3341463414634145,135.9390243902439,United States Grand Prix,United States,19,2025
18,STR,Aston Martin,18.0,12.0,93.294,,,,29.952439024390248,42.21829268292684,50.03658536585366,2.3341463414634145,135.9390243902439,United States Grand Prix,United States,19,2025
23,ALB,Williams,19.0,14.0,93.294,,,,29.952439024390248,42.21829268292684,50.03658536585366,2.3341463414634145,135.9390243902439,United States Grand Prix,United States,19,2025
6,HAD,Racing Bulls,20.0,16.0,93.294,,,,29.952439024390248,42.21829268292684,50.03658536585366,2.3341463414634145,135.9390243902439,United States Grand Prix,United States,19,2025
4,NOR,McLaren,1.0,1.0,78.38,77.392,76.633,,25.379761904761907,39.280952380952385,26.238095238095237,1.1416666666666666,175.45238095238096,Mexico City Grand Prix,Mexico,20,2025
16,LEC,Ferrari,2.0,2.0,78.38,77.392,76.633,,25.379761904761907,39.280952380952385,26.238095238095237,1.1416666666666666,175.45238095238096,Mexico City Grand Prix,Mexico,20,2025
44,HAM,Ferrari,3.0,8.0,78.38,77.392,76.633,,25.379761904761907,39.280952380952385,26.238095238095237,1.1416666666666666,175.45238095238096,Mexico City Grand Prix,Mexico,20,2025
63,RUS,Mercedes,4.0,7.0,78.38,77.392,76.633,,25.379761904761907,39.280952380952385,26.238095238095237,1.1416666666666666,175.45238095238096,Mexico City Grand Prix,Mexico,20,2025
1,VER,Red Bull Racing,5.0,3.0,78.38,77.392,76.633,,25.379761904761907,39.280952380952385,26.238095238095237,1.1416666666666666,175.45238095238096,Mexico City Grand Prix,Mexico,20,2025
12,ANT,Mercedes,6.0,6.0,78.38,77.392,76.633,,25.379761904761907,39.280952380952385,26.238095238095237,1.1416666666666666,175.45238095238096,Mexico City Grand Prix,Mexico,20,2025
55,SAI,Williams,7.0,17.0,78.38,77.392,76.633,,25.379761904761907,39.280952380952385,26.238095238095237,1.1416666666666666,175.45238095238096,Mexico City Grand Prix,Mexico,20,2025
81,PIA,McLaren,8.0,5.0,78.38,77.392,76.633,,25.379761904761907,39.280952380952385,26.238095238095237,1.1416666666666666,175.45238095238096,Mexico City Grand Prix,Mexico,20,2025
6,HAD,Racing Bulls,9.0,13.0,78.38,77.392,76.633,,25.379761904761907,39.280952380952385,26.238095238095237,1.1416666666666666,175.45238095238096,Mexico City Grand Prix,Mexico,20,2025
87,BEA,Haas F1 Team,10.0,4.0,78.38,77.392,76.633,,25.379761904761907,39.280952380952385,26.238095238095237,1.1416666666666666,175.45238095238096,Mexico City Grand Prix,Mexico,20,2025
22,TSU,Red Bull Racing,11.0,11.0,78.38,77.392,76.633,,25.379761904761907,39.280952380952385,26.238095238095237,1.1416666666666666,175.45238095238096,Mexico City Grand Prix,Mexico,20,2025
31,OCO,Haas F1 Team,12.0,9.0,78.38,77.392,76.633,,25.379761904761907,39.280952380952385,26.238095238095237,1.1416666666666666,175.45238095238096,Mexico City Grand Prix,Mexico,20,2025
27,HUL,Kick Sauber,13.0,19.0,78.38,77.392,76.633,,25.379761904761907,39.280952380952385,26.238095238095237,1.1416666666666666,175.45238095238096,Mexico City Grand Prix,Mexico,20,2025
14,ALO,Aston Martin,14.0,18.0,78.38,77.392,76.633,,25.379761904761907,39.280952380952385,26.238095238095237,1.1416666666666666,175.45238095238096,Mexico City Grand Prix,Mexico,20,2025
30,LAW,Racing Bulls,15.0,20.0,78.38,77.392,76.633,,25.379761904761907,39.280952380952385,26.238095238095237,1.1416666666666666,175.45238095238096,Mexico City Grand Prix,Mexico,20,2025
5,BOR,Kick Sauber,16.0,10.0,78.38,77.392,76.633,,25.379761904761907,39.280952380952385,26.238095238095237,1.1416666666666666,175.45238095238096,Mexico City Grand Prix,Mexico,20,2025
23,ALB,Williams,17.0,12.0,78.38,77.392,76.633,,25.379761904761907,39.280952380952385,26.238095238095237,1.1416666666666666,175.45238095238096,Mexico City Grand Prix,Mexico,20,2025
10,GAS,Alpine,18.0,15.0,78.38,77.392,76.633,,25.379761904761907,39.280952380952385,26.238095238095237,1.1416666666666666,175.45238095238096,Mexico City Grand Prix,Mexico,20,2025
18,STR,Aston Martin,19.0,14.0,78.38,77.392,76.633,,25.379761904761907,39.280952380952385,26.238095238095237,1.1416666666666666,175.45238095238096,Mexico City Grand Prix,Mexico,20,2025
43,COL,Alpine,20.0,16.0,78.38,77.392,76.633,,25.379761904761907,39.280952380952385,26.238095238095237,1.1416666666666666,175.45238095238096,Mexico City Grand Prix,Mexico,20,2025
4,NOR,McLaren,1.0,1.0,69.975,,,,20.310344827586203,41.99770114942528,67.59770114942529,1.1517241379310343,165.4022988505747,São Paulo Grand Prix,Brazil,21,2025
12,ANT,Mercedes,2.0,2.0,69.975,,,,20.310344827586203,41.99770114942528,67.59770114942529,1.1517241379310343,165.4022988505747,São Paulo Grand Prix,Brazil,21,2025
16,LEC,Ferrari,3.0,19.0,69.975,,,,20.310344827586203,41.99770114942528,67.59770114942529,1.1517241379310343,165.4022988505747,São Paulo Grand Prix,Brazil,21,2025
81,PIA,McLaren,4.0,5.0,69.975,,,,20.310344827586203,41.99770114942528,67.59770114942529,1.1517241379310343,165.4022988505747,São Paulo Grand Prix,Brazil,21,2025
6,HAD,Racing Bulls,5.0,8.0,69.975,,,,20.310344827586203,41.99770114942528,67.59770114942529,1.1517241379310343,165.4022988505747,São Paulo Grand Prix,Brazil,21,2025
63,RUS,Mercedes,6.0,4.0,69.975,,,,20.310344827586203,41.99770114942528,67.59770114942529,1.1517241379310343,165.4022988505747,São Paulo Grand Prix,Brazil,21,2025
30,LAW,Racing Bulls,7.0,7.0,69.975,,,,20.310344827586203,41.99770114942528,67.59770114942529,1.1517241379310343,165.4022988505747,São Paulo Grand Prix,Brazil,21,2025
87,BEA,Haas F1 Team,8.0,6.0,69.975,,,,20.310344827586203,41.99770114942528,67.59770114942529,1.1517241379310343,165.4022988505747,São Paulo Grand Prix,Brazil,21,2025
10,GAS,Alpine,9.0,10.0,69.975,,,,20.310344827586203,41.99770114942528,67.59770114942529,1.1517241379310343,165.4022988505747,São Paulo Grand Prix,Brazil,21,2025
27,HUL,Kick Sauber,10.0,9.0,69.975,,,,20.310344827586203,41.99770114942528,67.59770114942529,1.1517241379310343,165.4022988505747,São Paulo Grand Prix,Brazil,21,2025
14,ALO,Aston Martin,11.0,14.0,69.975,,,,20.310344827586203,41.99770114942528,67.59770114942529,1.1517241379310343,165.4022988505747,São Paulo Grand Prix,Brazil,21,2025
23,ALB,Williams,12.0,11.0,69.975,,,,20.310344827586203,41.99770114942528,67.59770114942529,1.1517241379310343,165.4022988505747,São Paulo Grand Prix,Brazil,21,2025
44,HAM,Ferrari,13.0,18.0,69.975,,,,20.310344827586203,41.99770114942528,67.59770114942529,1.1517241379310343,165.4022988505747,São Paulo Grand Prix,Brazil,21,2025
18,STR,Aston Martin,14.0,16.0,69.975,,,,20.310344827586203,41.99770114942528,67.59770114942529,1.1517241379310343,165.4022988505747,São Paulo Grand Prix,Brazil,21,2025
55,SAI,Williams,15.0,13.0,69.975,,,,20.310344827586203,41.99770114942528,67.59770114942529,1.1517241379310343,165.4022988505747,São Paulo Grand Prix,Brazil,21,2025
1,VER,Red Bull Racing,16.0,3.0,69.975,,,,20.310344827586203,41.99770114942528,67.59770114942529,1.1517241379310343,165.4022988505747,São Paulo Grand Prix,Brazil,21,2025
31,OCO,Haas F1 Team,17.0,12.0,69.975,,,,20.310344827586203,41.99770114942528,67.59770114942529,1.1517241379310343,165.4022988505747,São Paulo Grand Prix,Brazil,21,2025
43,COL,Alpine,18.0,15.0,69.975,,,,20.310344827586203,41.99770114942528,67.59770114942529,1.1517241379310343,165.4022988505747,São Paulo Grand Prix,Brazil,21,2025
22,TSU,Red Bull Racing,19.0,17.0,69.975,,,,20.310344827586203,41.99770114942528,67.59770114942529,1.1517241379310343,165.4022988505747,São Paulo Grand Prix,Brazil,21,2025
5,BOR,Kick Sauber,,20.0,69.975,,,,20.310344827586203,41.99770114942528,67.59770114942529,1.1517241379310343,165.4022988505747,São Paulo Grand Prix,Brazil,21,2025
4,NOR,McLaren,1.0,19.0,94.802,93.602,94.054,,13.902702702702703,16.712162162162166,57.21621621621622,1.4283783783783786,166.6081081081081,Las Vegas Grand Prix,United States,22,2025
1,VER,Red Bull Racing,2.0,1.0,94.802,93.602,94.054,,13.902702702702703,16.712162162162166,57.21621621621622,1.4283783783783786,166.6081081081081,Las Vegas Grand Prix,United States,22,2025
55,SAI,Williams,3.0,5.0,94.802,93.602,94.054,,13.902702702702703,16.712162162162166,57.21621621621622,1.4283783783783786,166.6081081081081,Las Vegas Grand Prix,United States,22,2025
63,RUS,Mercedes,4.0,2.0,94.802,93.602,94.054,,13.902702702702703,16.712162162162166,57.21621621621622,1.4283783783783786,166.6081081081081,Las Vegas Grand Prix,United States,22,2025
81,PIA,McLaren,5.0,20.0,94.802,93.602,94.054,,13.902702702702703,16.712162162162166,57.21621621621622,1.4283783783783786,166.6081081081081,Las Vegas Grand Prix,United States,22,2025
30,LAW,Racing Bulls,6.0,14.0,94.802,93.602,94.054,,13.902702702702703,16.712162162162166,57.21621621621622,1.4283783783783786,166.6081081081081,Las Vegas Grand Prix,United States,22,2025
14,ALO,Aston Martin,7.0,11.0,94.802,93.602,94.054,,13.902702702702703,16.712162162162166,57.21621621621622,1.4283783783783786,166.6081081081081,Las Vegas Grand Prix,United States,22,2025
6,HAD,Racing Bulls,8.0,6.0,94.802,93.602,94.054,,13.902702702702703,16.712162162162166,57.21621621621622,1.4283783783783786,166.6081081081081,Las Vegas Grand Prix,United States,22,2025
16,LEC,Ferrari,9.0,4.0,94.802,93.602,94.054,,13.902702702702703,16.712162162162166,57.21621621621622,1.4283783783783786,166.6081081081081,Las Vegas Grand Prix,United States,22,2025
10,GAS,Alpine,10.0,13.0,94.802,93.602,94.054,,13.902702702702703,16.712162162162166,57.21621621621622,1.4283783783783786,166.6081081081081,Las Vegas Grand Prix,United States,22,2025
27,HUL,Kick Sauber,11.0,7.0,94.802,93.602,94.054,,13.902702702702703,16.712162162162166,57.21621621621622,1.4283783783783786,166.6081081081081,Las Vegas Grand Prix,United States,22,2025
18,STR,Aston Martin,12.0,18.0,94.802,93.602,94.054,,13.902702702702703,16.712162162162166,57.21621621621622,1.4283783783783786,166.6081081081081,Las Vegas Grand Prix,United States,22,2025
31,OCO,Haas F1 Team,13.0,9.0,94.802,93.602,94.054,,13.902702702702703,16.712162162162166,57.21621621621622,1.4283783783783786,166.6081081081081,Las Vegas Grand Prix,United States,22,2025
87,BEA,Haas F1 Team,14.0,10.0,94.802,93.602,94.054,,13.902702702702703,16.712162162162166,57.21621621621622,1.4283783783783786,166.6081081081081,Las Vegas Grand Prix,United States,22,2025
43,COL,Alpine,15.0,15.0,94.802,93.602,94.054,,13.902702702702703,16.712162162162166,57.21621621621622,1.4283783783783786,166.6081081081081,Las Vegas Grand Prix,United States,22,2025
23,ALB,Williams,16.0,16.0,94.802,93.602,94.054,,13.902702702702703,16.712162162162166,57.21621621621622,1.4283783783783786,166.6081081081081,Las Vegas Grand Prix,United States,22,2025
12,ANT,Mercedes,17.0,3.0,94.802,93.602,94.054,,13.902702702702703,16.712162162162166,57.21621621621622,1.4283783783783786,166.6081081081081,Las Vegas Grand Prix,United States,22,2025
5,BOR,Kick Sauber,18.0,17.0,94.802,93.602,94.054,,13.902702702702703,16.712162162162166,57.21621621621622,1.4283783783783786,166.6081081081081,Las Vegas Grand Prix,United States,22,2025
22,TSU,Red Bull Racing,19.0,12.0,94.802,93.602,94.054,,13.902702702702703,16.712162162162166,57.21621621621622,1.4283783783783786,166.6081081081081,Las Vegas Grand Prix,United States,22,2025
44,HAM,Ferrari,20.0,8.0,94.802,93.602,94.054,,13.902702702702703,16.712162162162166,57.21621621621622,1.4283783783783786,166.6081081081081,Las Vegas Grand Prix,United States,22,2025
81,PIA,McLaren,1.0,2.0,80.924,,,,25.818181818181817,32.350649350649356,50.81818181818182,1.296103896103896,280.7922077922078,Qatar Grand Prix,Qatar,23,2025
4,NOR,McLaren,2.0,4.0,80.924,,,,25.818181818181817,32.350649350649356,50.81818181818182,1.296103896103896,280.7922077922078,Qatar Grand Prix,Qatar,23,2025
1,VER,Red Bull Racing,3.0,1.0,80.924,,,,25.818181818181817,32.350649350649356,50.81818181818182,1.296103896103896,280.7922077922078,Qatar Grand Prix,Qatar,23,2025
63,RUS,Mercedes,4.0,6.0,80.924,,,,25.818181818181817,32.350649350649356,50.81818181818182,1.296103896103896,280.7922077922078,Qatar Grand Prix,Qatar,23,2025
12,ANT,Mercedes,5.0,5.0,80.924,,,,25.818181818181817,32.350649350649356,50.81818181818182,1.296103896103896,280.7922077922078,Qatar Grand Prix,Qatar,23,2025
6,HAD,Racing Bulls,6.0,18.0,80.924,,,,25.818181818181817,32.350649350649356,50.81818181818182,1.296103896103896,280.7922077922078,Qatar Grand Prix,Qatar,23,2025
55,SAI,Williams,7.0,3.0,80.924,,,,25.818181818181817,32.350649350649356,50.81818181818182,1.296103896103896,280.7922077922078,Qatar Grand Prix,Qatar,23,2025
14,ALO,Aston Martin,8.0,7.0,80.924,,,,25.818181818181817,32.350649350649356,50.81818181818182,1.296103896103896,280.7922077922078,Qatar Grand Prix,Qatar,23,2025
10,GAS,Alpine,9.0,16.0,80.924,,,,25.818181818181817,32.350649350649356,50.81818181818182,1.296103896103896,280.7922077922078,Qatar Grand Prix,Qatar,23,2025
16,LEC,Ferrari,10.0,8.0,80.924,,,,25.818181818181817,32.350649350649356,50.81818181818182,1.296103896103896,280.7922077922078,Qatar Grand Prix,Qatar,23,2025
27,HUL,Kick Sauber,11.0,20.0,80.924,,,,25.818181818181817,32.350649350649356,50.81818181818182,1.296103896103896,280.7922077922078,Qatar Grand Prix,Qatar,23,2025
30,LAW,Racing Bulls,12.0,9.0,80.924,,,,25.818181818181817,32.350649350649356,50.81818181818182,1.296103896103896,280.7922077922078,Qatar Grand Prix,Qatar,23,2025
87,BEA,Haas F1 Team,13.0,19.0,80.924,,,,25.818181818181817,32.350649350649356,50.81818181818182,1.296103896103896,280.7922077922078,Qatar Grand Prix,Qatar,23,2025
5,BOR,Kick Sauber,14.0,13.0,80.924,,,,25.818181818181817,32.350649350649356,50.81818181818182,1.296103896103896,280.7922077922078,Qatar Grand Prix,Qatar,23,2025
23,ALB,Williams,15.0,11.0,80.924,,,,25.818181818181817,32.350649350649356,50.81818181818182,1.296103896103896,280.7922077922078,Qatar Grand Prix,Qatar,23,2025
22,TSU,Red Bull Racing,16.0,10.0,80.924,,,,25.818181818181817,32.350649350649356,50.81818181818182,1.296103896103896,280.7922077922078,Qatar Grand Prix,Qatar,23,2025
31,OCO,Haas F1 Team,17.0,15.0,80.924,,,,25.818181818181817,32.350649350649356,50.81818181818182,1.296103896103896,280.7922077922078,Qatar Grand Prix,Qatar,23,2025
44,HAM,Ferrari,18.0,12.0,80.924,,,,25.818181818181817,32.350649350649356,50.81818181818182,1.296103896103896,280.7922077922078,Qatar Grand Prix,Qatar,23,2025
18,STR,Aston Martin,19.0,17.0,80.924,,,,25.818181818181817,32.350649350649356,50.81818181818182,1.296103896103896,280.7922077922078,Qatar Grand Prix,Qatar,23,2025
43,COL,Alpine,20.0,14.0,80.924,,,,25.818181818181817,32.350649350649356,50.81818181818182,1.296103896103896,280.7922077922078,Qatar Grand Prix,Qatar,23,2025
1,VER,Red Bull Racing,1.0,1.0,84.485,83.083,83.334,,25.552500000000002,29.6975,55.7,1.63125,272.2,Abu Dhabi Grand Prix,United Arab Emirates,24,2025
4,NOR,McLaren,2.0,3.0,84.485,83.083,83.334,,25.552500000000002,29.6975,55.7,1.63125,272.2,Abu Dhabi Grand Prix,United Arab Emirates,24,2025
81,PIA,McLaren,3.0,2.0,84.485,83.083,83.334,,25.552500000000002,29.6975,55.7,1.63125,272.2,Abu Dhabi Grand Prix,United Arab Emirates,24,2025
63,RUS,Mercedes,4.0,5.0,84.485,83.083,83.334,,25.552500000000002,29.6975,55.7,1.63125,272.2,Abu Dhabi Grand Prix,United Arab Emirates,24,2025
16,LEC,Ferrari,5.0,4.0,84.485,83.083,83.334,,25.552500000000002,29.6975,55.7,1.63125,272.2,Abu Dhabi Grand Prix,United Arab Emirates,24,2025
14,ALO,Aston Martin,6.0,6.0,84.485,83.083,83.334,,25.552500000000002,29.6975,55.7,1.63125,272.2,Abu Dhabi Grand Prix,United Arab Emirates,24,2025
5,BOR,Kick Sauber,7.0,11.0,84.485,83.083,83.334,,25.552500000000002,29.6975,55.7,1.63125,272.2,Abu Dhabi Grand Prix,United Arab Emirates,24,2025
31,OCO,Haas F1 Team,8.0,7.0,84.485,83.083,83.334,,25.552500000000002,29.6975,55.7,1.63125,272.2,Abu Dhabi Grand Prix,United Arab Emirates,24,2025
6,HAD,Racing Bulls,9.0,17.0,84.485,83.083,83.334,,25.552500000000002,29.6975,55.7,1.63125,272.2,Abu Dhabi Grand Prix,United Arab Emirates,24,2025
22,TSU,Red Bull Racing,10.0,14.0,84.485,83.083,83.334,,25.552500000000002,29.6975,55.7,1.63125,272.2,Abu Dhabi Grand Prix,United Arab Emirates,24,2025
87,BEA,Haas F1 Team,11.0,12.0,84.485,83.083,83.334,,25.552500000000002,29.6975,55.7,1.63125,272.2,Abu Dhabi Grand Prix,United Arab Emirates,24,2025
55,SAI,Williams,12.0,13.0,84.485,83.083,83.334,,25.552500000000002,29.6975,55.7,1.63125,272.2,Abu Dhabi Grand Prix,United Arab Emirates,24,2025
30,LAW,Racing Bulls,13.0,18.0,84.485,83.083,83.334,,25.552500000000002,29.6975,55.7,1.63125,272.2,Abu Dhabi Grand Prix,United Arab Emirates,24,2025
12,ANT,Mercedes,14.0,15.0,84.485,83.083,83.334,,25.552500000000002,29.6975,55.7,1.63125,272.2,Abu Dhabi Grand Prix,United Arab Emirates,24,2025
18,STR,Aston Martin,15.0,10.0,84.485,83.083,83.334,,25.552500000000002,29.6975,55.7,1.63125,272.2,Abu Dhabi Grand Prix,United Arab Emirates,24,2025
44,HAM,Ferrari,16.0,8.0,84.485,83.083,83.334,,25.552500000000002,29.6975,55.7,1.63125,272.2,Abu Dhabi Grand Prix,United Arab Emirates,24,2025
23,ALB,Williams,17.0,16.0,84.485,83.083,83.334,,25.552500000000002,29.6975,55.7,1.63125,272.2,Abu Dhabi Grand Prix,United Arab Emirates,24,2025
27,HUL,Kick Sauber,18.0,9.0,84.485,83.083,83.334,,25.552500000000002,29.6975,55.7,1.63125,272.2,Abu Dhabi Grand Prix,United Arab Emirates,24,2025
10,GAS,Alpine,19.0,19.0,84.485,83.083,83.334,,25.552500000000002,29.6975,55.7,1.63125,272.2,Abu Dhabi Grand Prix,United Arab Emirates,24,2025
43,COL,Alpine,20.0,20.0,84.485,83.083,83.334,,25.552500000000002,29.6975,55.7,1.63125,272.2,Abu Dhabi Grand Prix,United Arab Emirates,24,2025
