x,h,y
5,17,60
5.5,17.5,64
6,18,63
6.5,18.5,67
7,19,65
7.5,19.5,70
8,20,66
8.5,20.5,72
9,21,68
9.5,21.5,74
10,22,69
10.5,22.5,71
11,23,75
11.5,23.5,73
12,24,78
12.5,24.5,74
13,25,80
13.5,25.5,77
14,26,82
14.5,26.5,79
6,18,61
7,19,69
8,20,64
9,21,72
10,22,67
11,23,76
12,24,70
13,25,74
7.5,19.5,63
8.5,20.5,71
9.5,21.5,66
10.5,22.5,75
6.5,18.5,62
5.5,17.5,68
11.5,23.5,79
12.5,24.5,73
13.5,25.5,81
7,19,64
8,20,70
9,21,65
10,22,73
11,23,69
12,24,77
13,25,72
6,18,60
7,19,67
8,20,63
9,21,71
10,22,68
11,23,74
5,17,59
5.5,17.5,62
6,18,64
6.5,18.5,66
7,19,68
7.5,19.5,69
8,20,67
8.5,20.5,70
9,21,69
9.5,21.5,73
10,22,72
10.5,22.5,74
11,23,76
11.5,23.5,78
12,24,79
12.5,24.5,81
13,25,82
13.5,25.5,84
14,26,85
14.5,26.5,86
5,17,58
6,18,62
7,19,66
8,20,65
9,21,70
10,22,71
11,23,73
12,24,75
13,25,78
14,26,83
6,18,60
7,19,64
8,20,67
9,21,69
10,22,72
11,23,74
12,24,76
13,25,79
14,26,81
5.5,17.5,61
6.5,18.5,63
7.5,19.5,68
8.5,20.5,69
9.5,21.5,72
10.5,22.5,73
11.5,23.5,77
12.5,24.5,80
13.5,25.5,82
14.5,26.5,84


