x,y
5,60
5.5,64
6,63
6.5,67
7,65
7.5,70
8,66
8.5,72
9,68
9.5,74
10,69
10.5,71
11,75
11.5,73
12,78
12.5,74
13,80
13.5,77
14,82
14.5,79
6,61
7,69
8,64
9,72
10,67
11,76
12,70
13,74
7.5,63
8.5,71
9.5,66
10.5,75
6.5,62
5.5,68
11.5,79
12.5,73
13.5,81
7,64
8,70
9,65
10,73
11,69
12,77
13,72
6,60
7,67
8,63
9,71
10,68
11,74
5,59
5.5,62
6,64
6.5,66
7,68
7.5,69
8,67
8.5,70
9,69
9.5,73
10,72
10.5,74
11,76
11.5,78
12,79
12.5,81
13,82
13.5,84
14,85
14.5,86
5,58
6,62
7,66
8,65
9,70
10,71
11,73
12,75
13,78
14,83
6,60
7,64
8,67
9,69
10,72
11,74
12,76
13,79
14,81
5.5,61
6.5,63
7.5,68
8.5,69
9.5,72
10.5,73
11.5,77
12.5,80
13.5,82
14.5,84
